Workbook

Sheet الرموز
A1: الجهاز (Device) | B1: الماركة (Brand) | C1: الموديلات (Models) | D1: الرمز (Code) | E1: المعنى (Meaning) | F1: الأسباب المذكورة في المصادر (Causes) | G1: من يتعامل معه (Who) | H1: درجة التوثيق (Verification) | I1: المصادر (Sources) | J1: حالة الصفحة (Page status) | K1: ملاحظات (Notes) | L1: هل تكمل القيادة؟ (Keep driving?)
A2: مكيف سبليت (Split AC) | B2: جري (Gree) | C2: لم تُحدَّد بعد | D2: E1 | E2: حماية الضغط العالي | F2: ملفات متسخة، انسداد، شحنة فريون زائدة | G2: المستخدم أولاً ثم فني | H2: رسمي (الشركة) | I2: جري الرسمي، Arlington، Japan Electronics | J2: لم تُكتب
A3: مكيف سبليت (Split AC) | B3: جري (Gree) | C3: لم تُحدَّد بعد | D3: E2 | E3: حماية من التجمد في وضع التبريد | F3: فلتر مسدود، ملف تبريد متسخ، فريون ناقص، مروحة معطلة | G3: المستخدم أولاً ثم فني | H3: مصدران متفقان | I3: Arlington، Japan Electronics | J3: لم تُكتب
A4: مكيف سبليت (Split AC) | B4: جري (Gree) | C4: لم تُحدَّد بعد | D4: E3 | E4: حماية الضغط المنخفض | F4: فلاتر أو ملفات متسخة، تسريب فريون | G4: المستخدم أولاً ثم فني | H4: رسمي (الشركة) | I4: جري الرسمي، Arlington | J4: لم تُكتب
A5: مكيف سبليت (Split AC) | B5: جري (Gree) | C5: لم تُحدَّد بعد | D5: E4 | E5: حماية من ارتفاع حرارة طرد الضاغط | F5: فلاتر متسخة، انسداد في المكثف أو المبخر | G5: المستخدم أولاً ثم فني | H5: مصدران متفقان | I5: Arlington، Japan Electronics | J5: لم تُكتب
A6: مكيف سبليت (Split AC) | B6: جري (Gree) | C6: لم تُحدَّد بعد | D6: E5 | E6: حماية من ارتفاع التيار | F6: جهد الكهرباء مرتفع أو غير مستقر | G6: فني | H6: رسمي (الشركة) | I6: جري الرسمي، Arlington، Japan Electronics | J6: لم تُكتب
A7: مكيف سبليت (Split AC) | B7: جري (Gree) | C7: لم تُحدَّد بعد | D7: E6 | E7: انقطاع التواصل بين الوحدة الداخلية والخارجية | F7: سلك خاطئ أو موصول من قطعتين، أطراف مرتخية، كيبل تالف، تلف لوحة | G7: المستخدم أولاً ثم فني | H7: رسمي (الشركة) | I7: دليل E6 الرسمي، Arlington، Japan Electronics، قائمة Scribd | J7: منشورة (نموذج) | K7: في أنظمة 380 فولت قد يظهر عند انعكاس ترتيب الأطوار
A8: مكيف سبليت (Split AC) | B8: جري (Gree) | C8: لم تُحدَّد بعد | D8: E7 | E8: تعارض الأوضاع | F8: الوحدة الداخلية والخارجية مضبوطتان على وضعين مختلفين | G8: المستخدم أولاً ثم فني | H8: رسمي (الشركة) | I8: جري الرسمي، Arlington | J8: لم تُكتب
A9: مكيف سبليت (Split AC) | B9: جري (Gree) | C9: لم تُحدَّد بعد | D9: E8 | E9: حماية من ارتفاع الحرارة، مرتبطة بمروحة الوحدة الداخلية أو لوحتها | F9: محرك المروحة الداخلية معطل، لوحة داخلية معيبة | G9: فني | H9: مصدران متفقان | I9: Arlington، Japan Electronics | J9: لم تُكتب | K9: المصدران يتفقان على القطعة ويختلفان في تسمية الرمز
A10: مكيف سبليت (Split AC) | B10: جري (Gree) | C10: لم تُحدَّد بعد | D10: E9 | E10: حماية متعلقة بالماء | F10: مضخة التصريف لا تعمل وامتلاء حوض الماء (Arlington)، أو مفتاح تدفق الماء (Japan Electronics) | G10: فني | H10: المصادر متعارضة | I10: Arlington، Japan Electronics | J10: لم تُكتب | K10: يحتاج كتيب صيانة للحسم
A11: مكيف سبليت (Split AC) | B11: جري (Gree) | C11: لم تُحدَّد بعد | D11: EE | E11: عطل ذاكرة اللوحة (EEPROM) | F11: تلف شريحة الذاكرة في لوحة الوحدة الخارجية | G11: فني | H11: مصدران متفقان | I11: Arlington، Japan Electronics، قائمة Scribd | J11: لم تُكتب
A12: مكيف سبليت (Split AC) | B12: جري (Gree) | C12: لم تُحدَّد بعد | D12: EH | E12: عطل السخان المساعد | F12: ريليه عالق، جهد غير مستقر، سلك مرتخٍ، رطوبة أو صدأ | G12: فني | H12: مصدر واحد | I12: Arlington | J12: لم تُكتب
A13: مكيف سبليت (Split AC) | B13: جري (Gree) | C13: لم تُحدَّد بعد | D13: EU | E13: انخفاض التردد بسبب سخونة وحدة الطاقة IPM | G13: فني | H13: مصدر واحد | I13: Japan Electronics | J13: لم تُكتب
A14: مكيف سبليت (Split AC) | B14: جري (Gree) | C14: لم تُحدَّد بعد | D14: F0 | E14: نقص الفريون | G14: فني | H14: مصدران متفقان | I14: Arlington، Japan Electronics | J14: لم تُكتب | K14: Arlington يسميه أيضاً وضع استرجاع الفريون
A15: مكيف سبليت (Split AC) | B15: جري (Gree) | C15: لم تُحدَّد بعد | D15: F1 | E15: عطل حساس حرارة الغرفة في الوحدة الداخلية | F15: تلف الحساس أو انفصاله | G15: فني | H15: رسمي (الشركة) | I15: جري الرسمي، Japan Electronics | J15: لم تُكتب | K15: Arlington يذكر معنى مختلفاً (حساس ماسورة المبخر)
A16: مكيف سبليت (Split AC) | B16: جري (Gree) | C16: لم تُحدَّد بعد | D16: F2 | E16: عطل حساس المبخر في الوحدة الداخلية | F16: تلف الحساس أو سلكه | G16: فني | H16: رسمي (الشركة) | I16: جري الرسمي، Japan Electronics | J16: لم تُكتب | K16: Arlington يذكر معنى مختلفاً
A17: مكيف سبليت (Split AC) | B17: جري (Gree) | C17: لم تُحدَّد بعد | D17: F3 | E17: عطل حساس حرارة الجو في الوحدة الخارجية | F17: تلف الحساس أو انفصاله | G17: فني | H17: رسمي (الشركة) | I17: جري الرسمي، Arlington، Japan Electronics | J17: لم تُكتب
A18: مكيف سبليت (Split AC) | B18: جري (Gree) | C18: لم تُحدَّد بعد | D18: F4 | E18: عطل حساس ماسورة الوحدة الخارجية | F18: تلف الحساس أو تحركه من مكانه | G18: فني | H18: رسمي (الشركة) | I18: جري الرسمي، Japan Electronics | J18: لم تُكتب | K18: Arlington يذكر معنى مختلفاً
A19: مكيف سبليت (Split AC) | B19: جري (Gree) | C19: لم تُحدَّد بعد | D19: F5 | E19: عطل حساس حرارة الطرد | F19: تلف الحساس أو سلكه | G19: فني | H19: رسمي (الشركة) | I19: جري الرسمي، Japan Electronics | J19: لم تُكتب | K19: Arlington يذكر معنى مختلفاً
A20: مكيف سبليت (Split AC) | B20: جري (Gree) | C20: لم تُحدَّد بعد | D20: F6 | E20: غير محسوم | F20: حساس منتصف ماسورة الوحدة الخارجية (Arlington)، أو حد الحمل الزائد وانخفاض التردد (Japan Electronics) | G20: فني | H20: المصادر متعارضة | I20: Arlington، Japan Electronics | J20: لم تُكتب | K20: يحتاج كتيب صيانة للحسم
A21: مكيف سبليت (Split AC) | B21: جري (Gree) | C21: لم تُحدَّد بعد | D21: F7 | E21: عملية إرجاع الزيت | G21: حالة طبيعية | H21: مصدر واحد | I21: Arlington | J21: لم تُكتب | K21: المصدر يصفه كتشغيل طبيعي
A22: مكيف سبليت (Split AC) | B22: جري (Gree) | C22: لم تُحدَّد بعد | D22: F8 | E22: حد حماية من الحمل الزائد أو التيار الزائد مع انخفاض التردد | G22: فني | H22: المصادر متعارضة | I22: Arlington، Japan Electronics | J22: لم تُكتب | K22: الصياغتان متقاربتان وغير متطابقتين
A23: مكيف سبليت (Split AC) | B23: جري (Gree) | C23: لم تُحدَّد بعد | D23: F9 | E23: انخفاض التردد بسبب ارتفاع حرارة الطرد | G23: فني | H23: مصدران متفقان | I23: Arlington، Japan Electronics، قائمة Scribd | J23: لم تُكتب
A24: مكيف سبليت (Split AC) | B24: جري (Gree) | C24: لم تُحدَّد بعد | D24: FA | E24: انخفاض التردد بسبب ارتفاع حرارة الماسورة | G24: فني | H24: مصدران متفقان | I24: Arlington، Japan Electronics | J24: لم تُكتب
A25: مكيف سبليت (Split AC) | B25: جري (Gree) | C25: لم تُحدَّد بعد | D25: FC | E25: مشكلة في الباب المنزلق | G25: فني | H25: مصدر واحد | I25: Japan Electronics | J25: لم تُكتب
A26: مكيف سبليت (Split AC) | B26: جري (Gree) | C26: لم تُحدَّد بعد | D26: FE | E26: عطل حساس الحمل الزائد للضاغط | G26: فني | H26: مصدر واحد | I26: Japan Electronics | J26: لم تُكتب
A27: مكيف سبليت (Split AC) | B27: جري (Gree) | C27: لم تُحدَّد بعد | D27: FH | E27: انخفاض التردد بسبب حد منع التجمد | G27: المستخدم أولاً ثم فني | H27: مصدر واحد | I27: Japan Electronics | J27: لم تُكتب | K27: Arlington يضع المعنى نفسه تحت الرمز Fb
A28: مكيف سبليت (Split AC) | B28: جري (Gree) | C28: لم تُحدَّد بعد | D28: H0 | E28: انخفاض التردد بسبب ارتفاع الحرارة في وضع التدفئة | G28: فني | H28: مصدر واحد | I28: Japan Electronics | J28: لم تُكتب
A29: مكيف سبليت (Split AC) | B29: جري (Gree) | C29: لم تُحدَّد بعد | D29: H1 | E29: وضع إذابة الصقيع | F29: يظهر في التدفئة أثناء إذابة الثلج عن الوحدة الخارجية | G29: حالة طبيعية | H29: رسمي (الشركة) | I29: جري الرسمي، Arlington، Japan Electronics | J29: لم تُكتب | K29: يُفحص فقط إن طال أو تكرر كثيراً
A30: مكيف سبليت (Split AC) | B30: جري (Gree) | C30: لم تُحدَّد بعد | D30: H2 | E30: حماية الترسيب الكهروستاتيكي | G30: فني | H30: مصدر واحد | I30: Japan Electronics | J30: لم تُكتب
A31: مكيف سبليت (Split AC) | B31: جري (Gree) | C31: لم تُحدَّد بعد | D31: H3 | E31: حماية الحمل الزائد للضاغط | F31: حمل زائد على الضاغط | G31: فني | H31: مصدران متفقان | I31: Arlington، Japan Electronics | J31: لم تُكتب
A32: مكيف سبليت (Split AC) | B32: جري (Gree) | C32: لم تُحدَّد بعد | D32: H4 | E32: حمل زائد على النظام أو ارتفاع حرارة الماسورة | F32: انسداد المبادل الحراري | G32: المستخدم أولاً ثم فني | H32: مصدران متفقان | I32: Arlington، Japan Electronics | J32: لم تُكتب
A33: مكيف سبليت (Split AC) | B33: جري (Gree) | C33: لم تُحدَّد بعد | D33: H5 | E33: حماية وحدة الطاقة IPM | F33: مشاكل جهد أو حرارة | G33: فني | H33: رسمي (الشركة) | I33: جري الرسمي، Arlington، Japan Electronics | J33: لم تُكتب
A34: مكيف سبليت (Split AC) | B34: جري (Gree) | C34: لم تُحدَّد بعد | D34: H6 | E34: محرك المروحة الداخلية لا يرسل إشارة | F34: مروحة داخلية معاقة أو محركها معطل | G34: فني | H34: مصدران متفقان | I34: Arlington، Japan Electronics، قائمة Scribd | J34: لم تُكتب
A35: مكيف سبليت (Split AC) | B35: جري (Gree) | C35: لم تُحدَّد بعد | D35: H7 | E35: فقدان تزامن الضاغط | F35: مشكلة في محرك الضاغط | G35: فني | H35: مصدران متفقان | I35: Arlington، Japan Electronics | J35: لم تُكتب
A36: مكيف سبليت (Split AC) | B36: جري (Gree) | C36: لم تُحدَّد بعد | D36: HC | E36: حماية دائرة تصحيح معامل القدرة PFC | G36: فني | H36: مصدران متفقان | I36: Arlington، Japan Electronics | J36: لم تُكتب
A37: مكيف سبليت (Split AC) | B37: جري (Gree) | C37: لم تُحدَّد بعد | D37: HE | E37: حماية من فقدان مغناطيسية الضاغط | G37: فني | H37: مصدر واحد | I37: Japan Electronics | J37: لم تُكتب
A38: مكيف سبليت (Split AC) | B38: جري (Gree) | C38: لم تُحدَّد بعد | D38: L3 | E38: عطل محرك المروحة الخارجية | F38: المروحة لا تدور أو تغذيتها ضعيفة | G38: فني | H38: مصدران متفقان | I38: Arlington، Japan Electronics | J38: لم تُكتب
A39: مكيف سبليت (Split AC) | B39: جري (Gree) | C39: لم تُحدَّد بعد | D39: L9 | E39: حماية الطاقة | F39: ارتفاع مفاجئ كبير في الكهرباء | G39: فني | H39: رسمي (الشركة) | I39: جري الرسمي، Arlington | J39: لم تُكتب
A40: مكيف سبليت (Split AC) | B40: جري (Gree) | C40: لم تُحدَّد بعد | D40: LC | E40: فشل إقلاع الضاغط | G40: فني | H40: مصدران متفقان | I40: Arlington، Japan Electronics | J40: لم تُكتب
A41: مكيف سبليت (Split AC) | B41: جري (Gree) | C41: لم تُحدَّد بعد | D41: LD | E41: فقدان طور في تغذية الضاغط | G41: فني | H41: مصدران متفقان | I41: Arlington، Japan Electronics | J41: لم تُكتب
A42: مكيف سبليت (Split AC) | B42: جري (Gree) | C42: لم تُحدَّد بعد | D42: LE | E42: توقف الضاغط بسبب انحشاره | G42: فني | H42: مصدران متفقان | I42: Arlington، Japan Electronics | J42: لم تُكتب
A43: مكيف سبليت (Split AC) | B43: جري (Gree) | C43: لم تُحدَّد بعد | D43: P0 | E43: مشكلة في إعادة ضبط وحدة التشغيل | G43: فني | H43: مصدر واحد | I43: Japan Electronics | J43: لم تُكتب
A44: مكيف سبليت (Split AC) | B44: جري (Gree) | C44: لم تُحدَّد بعد | D44: P5 | E44: حماية من ارتفاع تيار أحد أطوار الضاغط | F44: جهد غير مستقر | G44: فني | H44: مصدران متفقان | I44: Arlington، Japan Electronics | J44: لم تُكتب
A45: مكيف سبليت (Split AC) | B45: جري (Gree) | C45: لم تُحدَّد بعد | D45: P6 | E45: انقطاع التواصل بين اللوحة الرئيسية ولوحة التشغيل | G45: فني | H45: مصدران متفقان | I45: Arlington، Japan Electronics | J45: لم تُكتب | K45: داخل الوحدة الخارجية، ويختلف عن E6
A46: مكيف سبليت (Split AC) | B46: جري (Gree) | C46: لم تُحدَّد بعد | D46: P7 | E46: عطل دائرة حساس حرارة وحدة الطاقة | G46: فني | H46: مصدران متفقان | I46: Arlington، Japan Electronics | J46: لم تُكتب
A47: مكيف سبليت (Split AC) | B47: جري (Gree) | C47: لم تُحدَّد بعد | D47: P8 | E47: حماية من ارتفاع حرارة وحدة الطاقة | G47: فني | H47: مصدران متفقان | I47: Arlington، Japan Electronics | J47: لم تُكتب
A48: مكيف سبليت (Split AC) | B48: جري (Gree) | C48: لم تُحدَّد بعد | D48: PA | E48: حماية من ارتفاع تيار الدخل | G48: فني | H48: مصدران متفقان | I48: Arlington، Japan Electronics | J48: لم تُكتب
A49: مكيف سبليت (Split AC) | B49: جري (Gree) | C49: لم تُحدَّد بعد | D49: PC | E49: عطل دائرة قياس التيار | F49: دائرة مقطوعة أو محروقة أو فيها قصر | G49: فني | H49: مصدران متفقان | I49: Arlington، Japan Electronics | J49: لم تُكتب
A50: مكيف سبليت (Split AC) | B50: جري (Gree) | C50: لم تُحدَّد بعد | D50: PH | E50: حماية من ارتفاع الجهد | F50: جهد الدخل أعلى من 264 فولت | G50: فني | H50: مصدران متفقان | I50: Arlington، Japan Electronics | J50: لم تُكتب | K50: رقم الجهد من Arlington وحده
A51: مكيف سبليت (Split AC) | B51: جري (Gree) | C51: لم تُحدَّد بعد | D51: PL | E51: حماية من انخفاض الجهد | F51: جهد الدخل أقل من 185 فولت | G51: فني | H51: مصدران متفقان | I51: Arlington، Japan Electronics | J51: لم تُكتب | K51: رقم الجهد من Arlington وحده
A52: مكيف سبليت (Split AC) | B52: جري (Gree) | C52: لم تُحدَّد بعد | D52: PU | E52: عطل دائرة شحن المكثف | G52: فني | H52: مصدران متفقان | I52: Arlington، Japan Electronics، قائمة Scribd | J52: لم تُكتب
A53: مكيف سبليت (Split AC) | B53: جري (Gree) | C53: لم تُحدَّد بعد | D53: U1 | E53: عطل دائرة قياس تيار أطوار الضاغط | G53: فني | H53: مصدران متفقان | I53: Japan Electronics، قائمة Scribd | J53: لم تُكتب
A54: مكيف سبليت (Split AC) | B54: جري (Gree) | C54: لم تُحدَّد بعد | D54: U2 | E54: حماية من فقدان طور الضاغط | G54: فني | H54: مصدر واحد | I54: Japan Electronics | J54: لم تُكتب
A55: مكيف سبليت (Split AC) | B55: جري (Gree) | C55: لم تُحدَّد بعد | D55: U3 | E55: هبوط الجهد على خط التيار المستمر | F55: مشكلة في التغذية الكهربائية | G55: فني | H55: رسمي (الشركة) | I55: جري الرسمي، Japan Electronics | J55: لم تُكتب
A56: مكيف سبليت (Split AC) | B56: جري (Gree) | C56: لم تُحدَّد بعد | D56: U4 | E56: حماية من دوران الضاغط بالعكس | G56: فني | H56: مصدر واحد | I56: Japan Electronics | J56: لم تُكتب
A57: مكيف سبليت (Split AC) | B57: جري (Gree) | C57: لم تُحدَّد بعد | D57: U5 | E57: عطل دائرة قياس التيار المتردد | G57: فني | H57: مصدر واحد | I57: Japan Electronics | J57: لم تُكتب
A58: مكيف سبليت (Split AC) | B58: جري (Gree) | C58: لم تُحدَّد بعد | D58: U7 | E58: خلل في الصمام الرباعي | F58: الصمام لا يبدّل الاتجاه | G58: فني | H58: مصدران متفقان | I58: Arlington، Japan Electronics، قائمة Scribd | J58: لم تُكتب
A59: مكيف سبليت (Split AC) | B59: جري (Gree) | C59: لم تُحدَّد بعد | D59: U8 | E59: انفصال حساس حرارة الطرد | G59: فني | H59: مصدر واحد | I59: Japan Electronics | J59: لم تُكتب
A60: مكيف سبليت (Split AC) | B60: جري (Gree) | C60: لم تُحدَّد بعد | D60: U9 | E60: خطأ في كشف نقطة الصفر للتيار المتردد | G60: فني | H60: مصدران متفقان | I60: Japan Electronics، قائمة Scribd | J60: لم تُكتب
A61: مكيف سبليت (Split AC) | B61: جري (Gree) | C61: لم تُحدَّد بعد | D61: C5 | E61: مشكلة الجمبر | F61: تغيير لوحة التحكم دون نقل الجمبر من القديمة | G61: فني | H61: رسمي (الشركة) | I61: جري الرسمي، Arlington، Japan Electronics، قائمة Scribd | J61: لم تُكتب
A62: مكيف سبليت (Split AC) | B62: جري (Gree) | C62: لم تُحدَّد بعد | D62: oE | E62: ارتفاع حرارة دائرة PFC أو عطل حساسها | G62: فني | H62: مصدر واحد | I62: Japan Electronics | J62: لم تُكتب
A63: مكيف سبليت (Split AC) | B63: جري (Gree) | C63: لم تُحدَّد بعد | D63: b5 | E63: عطل حساس ماسورة الدخول | G63: فني | H63: مصدر واحد | I63: Japan Electronics | J63: لم تُكتب
A64: مكيف سبليت (Split AC) | B64: جري (Gree) | C64: لم تُحدَّد بعد | D64: b7 | E64: عطل حساس ماسورة الخروج | G64: فني | H64: مصدر واحد | I64: Japan Electronics | J64: لم تُكتب
A65: مكيف سبليت (Split AC) | B65: ميديا (Midea) | C65: تختلف حسب السلسلة | D65: E0 | E65: عطل ذاكرة اللوحة الداخلية (EEPROM) | G65: فني | H65: مصدران متفقان | I65: Arlington (ميديا)، RemoveAndReplace | J65: لم تُكتب
A66: مكيف سبليت (Split AC) | B66: ميديا (Midea) | C66: تختلف حسب السلسلة | D66: E1 | E66: انقطاع التواصل بين الوحدة الداخلية والخارجية | F66: عطل في خط التواصل أو فقدان الإشارة | G66: المستخدم أولاً ثم فني | H66: مصدران متفقان | I66: Arlington (ميديا)، RemoveAndReplace | J66: لم تُكتب
A67: مكيف سبليت (Split AC) | B67: ميديا (Midea) | C67: تختلف حسب السلسلة | D67: E2 | E67: خطأ في كشف إشارة نقطة الصفر | F67: خلل في كشف إشارة الكهرباء | G67: فني | H67: مصدران متفقان | I67: Arlington (ميديا)، RemoveAndReplace | J67: لم تُكتب
A68: مكيف سبليت (Split AC) | B68: ميديا (Midea) | C68: تختلف حسب السلسلة | D68: E3 | E68: خلل في سرعة المروحة الداخلية | F68: عطل محرك المروحة أو دائرة التحكم بها | G68: فني | H68: مصدران متفقان | I68: Arlington (ميديا)، RemoveAndReplace | J68: لم تُكتب
A69: مكيف سبليت (Split AC) | B69: ميديا (Midea) | C69: تختلف حسب السلسلة | D69: E4 | E69: حساس حرارة الغرفة T1 مفتوح أو فيه قصر | G69: فني | H69: مصدر واحد | I69: Arlington (ميديا) | J69: لم تُكتب
A70: مكيف سبليت (Split AC) | B70: ميديا (Midea) | C70: تختلف حسب السلسلة | D70: E5 | E70: غير محسوم | F70: حساس ملف المبخر T2 (Arlington)، أو حساس الحرارة الخارجي (RemoveAndReplace) | G70: فني | H70: المصادر متعارضة | I70: Arlington (ميديا)، RemoveAndReplace | J70: لم تُكتب | K70: يختلف حسب السلسلة
A71: مكيف سبليت (Split AC) | B71: ميديا (Midea) | C71: تختلف حسب السلسلة | D71: E6 | E71: عطل حساس الغرفة أو حساس المبخر | G71: فني | H71: مصدران متفقان | I71: Arlington (ميديا)، RemoveAndReplace | J71: لم تُكتب
A72: مكيف سبليت (Split AC) | B72: ميديا (Midea) | C72: تختلف حسب السلسلة | D72: E8 | E72: انقطاع التواصل بين وحدتين داخليتين | G72: فني | H72: مصدر واحد | I72: Arlington (ميديا) | J72: لم تُكتب | K72: موديلات التوأم فقط
A73: مكيف سبليت (Split AC) | B73: ميديا (Midea) | C73: تختلف حسب السلسلة | D73: E9 | E73: عطل آخر في موديلات التوأم | G73: فني | H73: مصدر واحد | I73: Arlington (ميديا) | J73: لم تُكتب | K73: موديلات التوأم فقط
A74: مكيف سبليت (Split AC) | B74: ميديا (Midea) | C74: تختلف حسب السلسلة | D74: EC | E74: كشف تسريب الفريون | F74: تسريب، نقص غاز، أو انسداد في المواسير | G74: فني | H74: مصدران متفقان | I74: Arlington (ميديا)، Mytour | J74: لم تُكتب
A75: مكيف سبليت (Split AC) | B75: ميديا (Midea) | C75: تختلف حسب السلسلة | D75: EE | E75: إنذار مستوى الماء | F75: تجمع الماء في حوض التصريف | G75: المستخدم أولاً ثم فني | H75: مصدران متفقان | I75: Arlington (ميديا)، Mytour | J75: لم تُكتب | K75: وحدات الكاسيت والدكت
A76: مكيف سبليت (Split AC) | B76: ميديا (Midea) | C76: تختلف حسب السلسلة | D76: F0 | E76: حماية من الحمل الزائد للتيار | G76: فني | H76: مصدر واحد | I76: Arlington (ميديا) | J76: لم تُكتب
A77: مكيف سبليت (Split AC) | B77: ميديا (Midea) | C77: تختلف حسب السلسلة | D77: F1 | E77: حساس حرارة الجو الخارجي T4 مفتوح أو فيه قصر | G77: فني | H77: مصدر واحد | I77: Arlington (ميديا) | J77: لم تُكتب
A78: مكيف سبليت (Split AC) | B78: ميديا (Midea) | C78: تختلف حسب السلسلة | D78: F2 | E78: عطل حساس ماسورة المكثف T3 | G78: فني | H78: مصدر واحد | I78: Arlington (ميديا) | J78: لم تُكتب
A79: مكيف سبليت (Split AC) | B79: ميديا (Midea) | C79: تختلف حسب السلسلة | D79: F3 | E79: عطل حساس حرارة الطرد | G79: فني | H79: مصدر واحد | I79: Arlington (ميديا) | J79: لم تُكتب
A80: مكيف سبليت (Split AC) | B80: ميديا (Midea) | C80: تختلف حسب السلسلة | D80: F4 | E80: عطل ذاكرة اللوحة الخارجية (EEPROM) | G80: فني | H80: مصدر واحد | I80: Arlington (ميديا) | J80: لم تُكتب
A81: مكيف سبليت (Split AC) | B81: ميديا (Midea) | C81: تختلف حسب السلسلة | D81: F5 | E81: خلل في سرعة المروحة الخارجية | G81: فني | H81: مصدر واحد | I81: Arlington (ميديا) | J81: لم تُكتب
A82: مكيف سبليت (Split AC) | B82: ميديا (Midea) | C82: تختلف حسب السلسلة | D82: F6 | E82: عطل الحساس T2b | G82: فني | H82: مصدر واحد | I82: Arlington (ميديا) | J82: لم تُكتب
A83: مكيف سبليت (Split AC) | B83: ميديا (Midea) | C83: تختلف حسب السلسلة | D83: F7 | E83: خلل تواصل اللوحة المتحركة | G83: فني | H83: مصدر واحد | I83: Arlington (ميديا) | J83: لم تُكتب | K83: وحدات الكاسيت
A84: مكيف سبليت (Split AC) | B84: ميديا (Midea) | C84: تختلف حسب السلسلة | D84: F8 | E84: عطل اللوحة المتحركة | G84: فني | H84: مصدر واحد | I84: Arlington (ميديا) | J84: لم تُكتب | K84: وحدات الكاسيت
A85: مكيف سبليت (Split AC) | B85: ميديا (Midea) | C85: تختلف حسب السلسلة | D85: F9 | E85: اللوحة المتحركة غير مغلقة | G85: المستخدم أولاً ثم فني | H85: مصدر واحد | I85: Arlington (ميديا) | J85: لم تُكتب | K85: وحدات الكاسيت
A86: مكيف سبليت (Split AC) | B86: ميديا (Midea) | C86: تختلف حسب السلسلة | D86: P0 | E86: حماية وحدة الطاقة IPM من التيار الزائد | G86: فني | H86: مصدران متفقان | I86: Arlington (ميديا)، RemoveAndReplace | J86: لم تُكتب
A87: مكيف سبليت (Split AC) | B87: ميديا (Midea) | C87: تختلف حسب السلسلة | D87: P1 | E87: حماية من ارتفاع أو انخفاض الجهد | F87: جهد الكهرباء خارج الحد الآمن | G87: فني | H87: مصدران متفقان | I87: Arlington (ميديا)، RemoveAndReplace | J87: لم تُكتب
A88: مكيف سبليت (Split AC) | B88: ميديا (Midea) | C88: تختلف حسب السلسلة | D88: P2 | E88: حماية من ارتفاع حرارة أعلى الضاغط | G88: فني | H88: مصدران متفقان | I88: Arlington (ميديا)، RemoveAndReplace | J88: لم تُكتب
A89: مكيف سبليت (Split AC) | B89: ميديا (Midea) | C89: تختلف حسب السلسلة | D89: P3 | E89: حماية من انخفاض حرارة الجو الخارجي | G89: فني | H89: مصدر واحد | I89: Arlington (ميديا) | J89: لم تُكتب
A90: مكيف سبليت (Split AC) | B90: ميديا (Midea) | C90: تختلف حسب السلسلة | D90: P4 | E90: خطأ في تشغيل الضاغط | G90: فني | H90: مصدران متفقان | I90: Arlington (ميديا)، RemoveAndReplace | J90: لم تُكتب
A91: مكيف سبليت (Split AC) | B91: ميديا (Midea) | C91: تختلف حسب السلسلة | D91: P5 | E91: غير محسوم | F91: تعارض الأوضاع (Arlington)، أو حماية وحدة الانفرتر (RemoveAndReplace) | G91: فني | H91: المصادر متعارضة | I91: Arlington (ميديا)، RemoveAndReplace | J91: لم تُكتب | K91: يختلف حسب السلسلة
A92: مكيف سبليت (Split AC) | B92: ميديا (Midea) | C92: تختلف حسب السلسلة | D92: P6 | E92: حماية الضغط المنخفض للضاغط | G92: فني | H92: مصدر واحد | I92: Arlington (ميديا) | J92: لم تُكتب
A93: مكيف سبليت (Split AC) | B93: إل جي (LG) | C93: لم تُحدَّد بعد | D93: CH01 | E93: عطل حساس حرارة الغرفة في الوحدة الداخلية | G93: فني | H93: مصدر واحد | I93: Arlington (LG)، TechFaultFix | J93: لم تُكتب | K93: Ultimate Systems يذكر حساس الملف
A94: مكيف سبليت (Split AC) | B94: إل جي (LG) | C94: لم تُحدَّد بعد | D94: CH02 | E94: عطل حساس ماسورة المبخر في الوحدة الداخلية | G94: فني | H94: مصدر واحد | I94: Arlington (LG)، TechFaultFix | J94: لم تُكتب | K94: Ultimate Systems يذكر حساس الهواء
A95: مكيف سبليت (Split AC) | B95: إل جي (LG) | C95: لم تُحدَّد بعد | D95: CH03 | E95: غير محسوم | F95: خطأ توصيل بين الريموت السلكي والوحدة (Arlington)، حساس ماسورة خارجي (TechFaultFix)، نقص فريون (Ultimate Systems) | G95: فني | H95: المصادر متعارضة | I95: Arlington (LG)، TechFaultFix، Ultimate Systems | J95: لم تُكتب
A96: مكيف سبليت (Split AC) | B96: إل جي (LG) | C96: لم تُحدَّد بعد | D96: CH04 | E96: مشكلة تصريف الماء | F96: الماء لا يخرج من الوحدة الداخلية أو خزان التكثيف ممتلئ | G96: المستخدم أولاً ثم فني | H96: رسمي (الشركة) | I96: LG الرسمي (US)، TechFaultFix، Ultimate Systems | J96: لم تُكتب
A97: مكيف سبليت (Split AC) | B97: إل جي (LG) | C97: لم تُحدَّد بعد | D97: CH05 | E97: خطأ تواصل بين الوحدة الداخلية والخارجية | F97: خلل مؤقت في التواصل أو الكهرباء، توصيل خاطئ، موصل مرتخٍ، أو عطل في اللوحة الرئيسية | G97: المستخدم أولاً ثم فني | H97: رسمي (الشركة) | I97: LG الرسمي (US)، LG الرسمي (Africa)، Arlington (LG)، TechFaultFix، Ultimate Systems | J97: لم تُكتب
A98: مكيف سبليت (Split AC) | B98: إل جي (LG) | C98: لم تُحدَّد بعد | D98: CH53 | E98: خطأ تواصل بين الوحدة الداخلية والخارجية | F98: خلل مؤقت في التواصل أو الكهرباء، توصيل خاطئ، موصل مرتخٍ، أو عطل في اللوحة الرئيسية | G98: المستخدم أولاً ثم فني | H98: رسمي (الشركة) | I98: LG الرسمي (US)، LG الرسمي (Africa) | J98: لم تُكتب
A99: مكيف سبليت (Split AC) | B99: إل جي (LG) | C99: لم تُحدَّد بعد | D99: E0 | E99: خطأ تواصل بين الوحدة الداخلية والخارجية | F99: خلل مؤقت في التواصل أو الكهرباء، توصيل خاطئ، موصل مرتخٍ، أو عطل في اللوحة الرئيسية | G99: المستخدم أولاً ثم فني | H99: رسمي (الشركة) | I99: LG الرسمي (US)، LG الرسمي (Africa) | J99: لم تُكتب
A100: مكيف سبليت (Split AC) | B100: إل جي (LG) | C100: لم تُحدَّد بعد | D100: CH06 | E100: غير محسوم | F100: تيار زائد في دائرة الانفرتر (Arlington)، حساس الجو الخارجي (TechFaultFix)، محرك المروحة الداخلية (Ultimate Systems) | G100: فني | H100: المصادر متعارضة | I100: Arlington (LG)، TechFaultFix، Ultimate Systems | J100: لم تُكتب
...

Sheet خطة الماركات
A1: المرحلة | B1: الجهاز | C1: الماركة | D1: عدد الرموز المدخلة | E1: منها رسمي | F1: الصفحات المنشورة | G1: الحالة | H1: ملاحظة
A2: 1 | B2: مكيف سبليت (Split AC) | C2: جري (Gree) | D2: =COUNTIFS('الرموز'!$A:$A,B2,'الرموز'!$B:$B,C2) | E2: =COUNTIFS('الرموز'!$A:$A,B2,'الرموز'!$B:$B,C2,'الرموز'!$H:$H,"رسمي (الشركة)") | F2: =COUNTIFS('الرموز'!$A:$A,B2,'الرموز'!$B:$B,C2,'الرموز'!$J:$J,"منشورة*") | G2: =IF(D2=0,"لم يبدأ","بدأ")
A3: 1 | B3: مكيف سبليت (Split AC) | C3: ميديا (Midea) | D3: =COUNTIFS('الرموز'!$A:$A,B3,'الرموز'!$B:$B,C3) | E3: =COUNTIFS('الرموز'!$A:$A,B3,'الرموز'!$B:$B,C3,'الرموز'!$H:$H,"رسمي (الشركة)") | F3: =COUNTIFS('الرموز'!$A:$A,B3,'الرموز'!$B:$B,C3,'الرموز'!$J:$J,"منشورة*") | G3: =IF(D3=0,"لم يبدأ","بدأ") | H3: بلا مصدر رسمي، والرموز تختلف بين السلاسل
A4: 1 | B4: مكيف سبليت (Split AC) | C4: إل جي (LG) | D4: =COUNTIFS('الرموز'!$A:$A,B4,'الرموز'!$B:$B,C4) | E4: =COUNTIFS('الرموز'!$A:$A,B4,'الرموز'!$B:$B,C4,'الرموز'!$H:$H,"رسمي (الشركة)") | F4: =COUNTIFS('الرموز'!$A:$A,B4,'الرموز'!$B:$B,C4,'الرموز'!$J:$J,"منشورة*") | G4: =IF(D4=0,"لم يبدأ","بدأ")
A5: 1 | B5: مكيف سبليت (Split AC) | C5: سامسونج (Samsung) | D5: =COUNTIFS('الرموز'!$A:$A,B5,'الرموز'!$B:$B,C5) | E5: =COUNTIFS('الرموز'!$A:$A,B5,'الرموز'!$B:$B,C5,'الرموز'!$H:$H,"رسمي (الشركة)") | F5: =COUNTIFS('الرموز'!$A:$A,B5,'الرموز'!$B:$B,C5,'الرموز'!$J:$J,"منشورة*") | G5: =IF(D5=0,"لم يبدأ","بدأ")
A6: 1 | B6: مكيف سبليت (Split AC) | C6: هاير (Haier) | D6: =COUNTIFS('الرموز'!$A:$A,B6,'الرموز'!$B:$B,C6) | E6: =COUNTIFS('الرموز'!$A:$A,B6,'الرموز'!$B:$B,C6,'الرموز'!$H:$H,"رسمي (الشركة)") | F6: =COUNTIFS('الرموز'!$A:$A,B6,'الرموز'!$B:$B,C6,'الرموز'!$J:$J,"منشورة*") | G6: =IF(D6=0,"لم يبدأ","بدأ")
A7: 1 | B7: مكيف سبليت (Split AC) | C7: تي سي إل (TCL) | D7: =COUNTIFS('الرموز'!$A:$A,B7,'الرموز'!$B:$B,C7) | E7: =COUNTIFS('الرموز'!$A:$A,B7,'الرموز'!$B:$B,C7,'الرموز'!$H:$H,"رسمي (الشركة)") | F7: =COUNTIFS('الرموز'!$A:$A,B7,'الرموز'!$B:$B,C7,'الرموز'!$J:$J,"منشورة*") | G7: =IF(D7=0,"لم يبدأ","بدأ") | H7: مصدر واحد، ومصدر آخر يخالفه كلياً
A8: 1 | B8: مكيف سبليت (Split AC) | C8: هايسنس (Hisense) | D8: =COUNTIFS('الرموز'!$A:$A,B8,'الرموز'!$B:$B,C8) | E8: =COUNTIFS('الرموز'!$A:$A,B8,'الرموز'!$B:$B,C8,'الرموز'!$H:$H,"رسمي (الشركة)") | F8: =COUNTIFS('الرموز'!$A:$A,B8,'الرموز'!$B:$B,C8,'الرموز'!$J:$J,"منشورة*") | G8: =IF(D8=0,"لم يبدأ","بدأ")
A9: 1 | B9: مكيف سبليت (Split AC) | C9: جنرال (O General / Fujitsu General) | D9: =COUNTIFS('الرموز'!$A:$A,B9,'الرموز'!$B:$B,C9) | E9: =COUNTIFS('الرموز'!$A:$A,B9,'الرموز'!$B:$B,C9,'الرموز'!$H:$H,"رسمي (الشركة)") | F9: =COUNTIFS('الرموز'!$A:$A,B9,'الرموز'!$B:$B,C9,'الرموز'!$J:$J,"منشورة*") | G9: =IF(D9=0,"لم يبدأ","بدأ")
A10: 1 | B10: مكيف سبليت (Split AC) | C10: الزامل (Zamil) | D10: =COUNTIFS('الرموز'!$A:$A,B10,'الرموز'!$B:$B,C10) | E10: =COUNTIFS('الرموز'!$A:$A,B10,'الرموز'!$B:$B,C10,'الرموز'!$H:$H,"رسمي (الشركة)") | F10: =COUNTIFS('الرموز'!$A:$A,B10,'الرموز'!$B:$B,C10,'الرموز'!$J:$J,"منشورة*") | G10: =IF(D10=0,"لم يبدأ","بدأ") | H10: لم أجد مصدراً موثوقاً. يحتاج كتيب الصيانة أو صفحة الشركة
A11: 1 | B11: مكيف سبليت (Split AC) | C11: كاريير (Carrier) | D11: =COUNTIFS('الرموز'!$A:$A,B11,'الرموز'!$B:$B,C11) | E11: =COUNTIFS('الرموز'!$A:$A,B11,'الرموز'!$B:$B,C11,'الرموز'!$H:$H,"رسمي (الشركة)") | F11: =COUNTIFS('الرموز'!$A:$A,B11,'الرموز'!$B:$B,C11,'الرموز'!$J:$J,"منشورة*") | G11: =IF(D11=0,"لم يبدأ","بدأ")
A12: 1 | B12: مكيف سبليت (Split AC) | C12: يورك (York) | D12: =COUNTIFS('الرموز'!$A:$A,B12,'الرموز'!$B:$B,C12) | E12: =COUNTIFS('الرموز'!$A:$A,B12,'الرموز'!$B:$B,C12,'الرموز'!$H:$H,"رسمي (الشركة)") | F12: =COUNTIFS('الرموز'!$A:$A,B12,'الرموز'!$B:$B,C12,'الرموز'!$J:$J,"منشورة*") | G12: =IF(D12=0,"لم يبدأ","بدأ") | H12: لم أجد مصدراً موثوقاً. يحتاج كتيب الصيانة أو صفحة الشركة
A13: 1 | B13: مكيف سبليت (Split AC) | C13: دايكن (Daikin) | D13: =COUNTIFS('الرموز'!$A:$A,B13,'الرموز'!$B:$B,C13) | E13: =COUNTIFS('الرموز'!$A:$A,B13,'الرموز'!$B:$B,C13,'الرموز'!$H:$H,"رسمي (الشركة)") | F13: =COUNTIFS('الرموز'!$A:$A,B13,'الرموز'!$B:$B,C13,'الرموز'!$J:$J,"منشورة*") | G13: =IF(D13=0,"لم يبدأ","بدأ")
A14: 1 | B14: مكيف سبليت (Split AC) | C14: ميتسوبيشي (Mitsubishi) | D14: =COUNTIFS('الرموز'!$A:$A,B14,'الرموز'!$B:$B,C14) | E14: =COUNTIFS('الرموز'!$A:$A,B14,'الرموز'!$B:$B,C14,'الرموز'!$H:$H,"رسمي (الشركة)") | F14: =COUNTIFS('الرموز'!$A:$A,B14,'الرموز'!$B:$B,C14,'الرموز'!$J:$J,"منشورة*") | G14: =IF(D14=0,"لم يبدأ","بدأ")
A15: 1 | B15: مكيف سبليت (Split AC) | C15: باناسونيك (Panasonic) | D15: =COUNTIFS('الرموز'!$A:$A,B15,'الرموز'!$B:$B,C15) | E15: =COUNTIFS('الرموز'!$A:$A,B15,'الرموز'!$B:$B,C15,'الرموز'!$H:$H,"رسمي (الشركة)") | F15: =COUNTIFS('الرموز'!$A:$A,B15,'الرموز'!$B:$B,C15,'الرموز'!$J:$J,"منشورة*") | G15: =IF(D15=0,"لم يبدأ","بدأ")
A16: 1 | B16: تكييف مركزي (Central / VRF AC) | C16: سامسونج (Samsung) | D16: =COUNTIFS('الرموز'!$A:$A,B16,'الرموز'!$B:$B,C16) | E16: =COUNTIFS('الرموز'!$A:$A,B16,'الرموز'!$B:$B,C16,'الرموز'!$H:$H,"رسمي (الشركة)") | F16: =COUNTIFS('الرموز'!$A:$A,B16,'الرموز'!$B:$B,C16,'الرموز'!$J:$J,"منشورة*") | G16: =IF(D16=0,"لم يبدأ","بدأ") | H16: فُصلت عن السبليت بحسب نص المعنى (وحدات MCU، ضواغط متعددة). الفصل تقديري ويحتاج مراجعة فني
A17: 1 | B17: تكييف مركزي (Central / VRF AC) | C17: دايكن (Daikin) | D17: =COUNTIFS('الرموز'!$A:$A,B17,'الرموز'!$B:$B,C17) | E17: =COUNTIFS('الرموز'!$A:$A,B17,'الرموز'!$B:$B,C17,'الرموز'!$H:$H,"رسمي (الشركة)") | F17: =COUNTIFS('الرموز'!$A:$A,B17,'الرموز'!$B:$B,C17,'الرموز'!$J:$J,"منشورة*") | G17: =IF(D17=0,"لم يبدأ","بدأ") | H17: فُصلت عن السبليت بحسب نص المعنى (ملحقات، شحن تلقائي، متحكم مركزي). الفصل تقديري
A18: 1 | B18: تكييف مركزي (Central / VRF AC) | C18: ميتسوبيشي (Mitsubishi) | D18: =COUNTIFS('الرموز'!$A:$A,B18,'الرموز'!$B:$B,C18) | E18: =COUNTIFS('الرموز'!$A:$A,B18,'الرموز'!$B:$B,C18,'الرموز'!$H:$H,"رسمي (الشركة)") | F18: =COUNTIFS('الرموز'!$A:$A,B18,'الرموز'!$B:$B,C18,'الرموز'!$J:$J,"منشورة*") | G18: =IF(D18=0,"لم يبدأ","بدأ") | H18: الرموز الرقمية لأنظمة City Multi
A19: 2 | B19: غسالة ملابس (Washing machine) | C19: سامسونج (Samsung) | D19: =COUNTIFS('الرموز'!$A:$A,B19,'الرموز'!$B:$B,C19) | E19: =COUNTIFS('الرموز'!$A:$A,B19,'الرموز'!$B:$B,C19,'الرموز'!$H:$H,"رسمي (الشركة)") | F19: =COUNTIFS('الرموز'!$A:$A,B19,'الرموز'!$B:$B,C19,'الرموز'!$J:$J,"منشورة*") | G19: =IF(D19=0,"لم يبدأ","بدأ")
A20: 2 | B20: غسالة ملابس (Washing machine) | C20: إل جي (LG) | D20: =COUNTIFS('الرموز'!$A:$A,B20,'الرموز'!$B:$B,C20) | E20: =COUNTIFS('الرموز'!$A:$A,B20,'الرموز'!$B:$B,C20,'الرموز'!$H:$H,"رسمي (الشركة)") | F20: =COUNTIFS('الرموز'!$A:$A,B20,'الرموز'!$B:$B,C20,'الرموز'!$J:$J,"منشورة*") | G20: =IF(D20=0,"لم يبدأ","بدأ")
A21: 2 | B21: غسالة ملابس (Washing machine) | C21: بوش (Bosch) | D21: =COUNTIFS('الرموز'!$A:$A,B21,'الرموز'!$B:$B,C21) | E21: =COUNTIFS('الرموز'!$A:$A,B21,'الرموز'!$B:$B,C21,'الرموز'!$H:$H,"رسمي (الشركة)") | F21: =COUNTIFS('الرموز'!$A:$A,B21,'الرموز'!$B:$B,C21,'الرموز'!$J:$J,"منشورة*") | G21: =IF(D21=0,"لم يبدأ","بدأ")
A22: 2 | B22: غسالة ملابس (Washing machine) | C22: سيمنس (Siemens) | D22: =COUNTIFS('الرموز'!$A:$A,B22,'الرموز'!$B:$B,C22) | E22: =COUNTIFS('الرموز'!$A:$A,B22,'الرموز'!$B:$B,C22,'الرموز'!$H:$H,"رسمي (الشركة)") | F22: =COUNTIFS('الرموز'!$A:$A,B22,'الرموز'!$B:$B,C22,'الرموز'!$J:$J,"منشورة*") | G22: =IF(D22=0,"لم يبدأ","بدأ")
A23: 2 | B23: غسالة ملابس (Washing machine) | C23: ويرلبول (Whirlpool) | D23: =COUNTIFS('الرموز'!$A:$A,B23,'الرموز'!$B:$B,C23) | E23: =COUNTIFS('الرموز'!$A:$A,B23,'الرموز'!$B:$B,C23,'الرموز'!$H:$H,"رسمي (الشركة)") | F23: =COUNTIFS('الرموز'!$A:$A,B23,'الرموز'!$B:$B,C23,'الرموز'!$J:$J,"منشورة*") | G23: =IF(D23=0,"لم يبدأ","بدأ")
A24: 2 | B24: غسالة ملابس (Washing machine) | C24: بيكو (Beko) | D24: =COUNTIFS('الرموز'!$A:$A,B24,'الرموز'!$B:$B,C24) | E24: =COUNTIFS('الرموز'!$A:$A,B24,'الرموز'!$B:$B,C24,'الرموز'!$H:$H,"رسمي (الشركة)") | F24: =COUNTIFS('الرموز'!$A:$A,B24,'الرموز'!$B:$B,C24,'الرموز'!$J:$J,"منشورة*") | G24: =IF(D24=0,"لم يبدأ","بدأ")
A25: 2 | B25: غسالة ملابس (Washing machine) | C25: أريستون (Ariston) | D25: =COUNTIFS('الرموز'!$A:$A,B25,'الرموز'!$B:$B,C25) | E25: =COUNTIFS('الرموز'!$A:$A,B25,'الرموز'!$B:$B,C25,'الرموز'!$H:$H,"رسمي (الشركة)") | F25: =COUNTIFS('الرموز'!$A:$A,B25,'الرموز'!$B:$B,C25,'الرموز'!$J:$J,"منشورة*") | G25: =IF(D25=0,"لم يبدأ","بدأ") | H25: المصدر عن Hotpoint الشقيقة
A26: 2 | B26: غسالة ملابس (Washing machine) | C26: توشيبا (Toshiba) | D26: =COUNTIFS('الرموز'!$A:$A,B26,'الرموز'!$B:$B,C26) | E26: =COUNTIFS('الرموز'!$A:$A,B26,'الرموز'!$B:$B,C26,'الرموز'!$H:$H,"رسمي (الشركة)") | F26: =COUNTIFS('الرموز'!$A:$A,B26,'الرموز'!$B:$B,C26,'الرموز'!$J:$J,"منشورة*") | G26: =IF(D26=0,"لم يبدأ","بدأ")
A27: 2 | B27: غسالة ملابس (Washing machine) | C27: هاير (Haier) | D27: =COUNTIFS('الرموز'!$A:$A,B27,'الرموز'!$B:$B,C27) | E27: =COUNTIFS('الرموز'!$A:$A,B27,'الرموز'!$B:$B,C27,'الرموز'!$H:$H,"رسمي (الشركة)") | F27: =COUNTIFS('الرموز'!$A:$A,B27,'الرموز'!$B:$B,C27,'الرموز'!$J:$J,"منشورة*") | G27: =IF(D27=0,"لم يبدأ","بدأ")
A28: 2 | B28: غسالة ملابس (Washing machine) | C28: ميديا (Midea) | D28: =COUNTIFS('الرموز'!$A:$A,B28,'الرموز'!$B:$B,C28) | E28: =COUNTIFS('الرموز'!$A:$A,B28,'الرموز'!$B:$B,C28,'الرموز'!$H:$H,"رسمي (الشركة)") | F28: =COUNTIFS('الرموز'!$A:$A,B28,'الرموز'!$B:$B,C28,'الرموز'!$J:$J,"منشورة*") | G28: =IF(D28=0,"لم يبدأ","بدأ")
A29: 3 | B29: غسالة صحون (Dishwasher) | C29: بوش (Bosch) | D29: =COUNTIFS('الرموز'!$A:$A,B29,'الرموز'!$B:$B,C29) | E29: =COUNTIFS('الرموز'!$A:$A,B29,'الرموز'!$B:$B,C29,'الرموز'!$H:$H,"رسمي (الشركة)") | F29: =COUNTIFS('الرموز'!$A:$A,B29,'الرموز'!$B:$B,C29,'الرموز'!$J:$J,"منشورة*") | G29: =IF(D29=0,"لم يبدأ","بدأ")
A30: 3 | B30: غسالة صحون (Dishwasher) | C30: سيمنس (Siemens) | D30: =COUNTIFS('الرموز'!$A:$A,B30,'الرموز'!$B:$B,C30) | E30: =COUNTIFS('الرموز'!$A:$A,B30,'الرموز'!$B:$B,C30,'الرموز'!$H:$H,"رسمي (الشركة)") | F30: =COUNTIFS('الرموز'!$A:$A,B30,'الرموز'!$B:$B,C30,'الرموز'!$J:$J,"منشورة*") | G30: =IF(D30=0,"لم يبدأ","بدأ") | H30: لم أجد مصدراً موثوقاً. يحتاج كتيب الصيانة أو صفحة الشركة
A31: 3 | B31: غسالة صحون (Dishwasher) | C31: سامسونج (Samsung) | D31: =COUNTIFS('الرموز'!$A:$A,B31,'الرموز'!$B:$B,C31) | E31: =COUNTIFS('الرموز'!$A:$A,B31,'الرموز'!$B:$B,C31,'الرموز'!$H:$H,"رسمي (الشركة)") | F31: =COUNTIFS('الرموز'!$A:$A,B31,'الرموز'!$B:$B,C31,'الرموز'!$J:$J,"منشورة*") | G31: =IF(D31=0,"لم يبدأ","بدأ")
A32: 3 | B32: غسالة صحون (Dishwasher) | C32: إل جي (LG) | D32: =COUNTIFS('الرموز'!$A:$A,B32,'الرموز'!$B:$B,C32) | E32: =COUNTIFS('الرموز'!$A:$A,B32,'الرموز'!$B:$B,C32,'الرموز'!$H:$H,"رسمي (الشركة)") | F32: =COUNTIFS('الرموز'!$A:$A,B32,'الرموز'!$B:$B,C32,'الرموز'!$J:$J,"منشورة*") | G32: =IF(D32=0,"لم يبدأ","بدأ")
A33: 3 | B33: غسالة صحون (Dishwasher) | C33: بيكو (Beko) | D33: =COUNTIFS('الرموز'!$A:$A,B33,'الرموز'!$B:$B,C33) | E33: =COUNTIFS('الرموز'!$A:$A,B33,'الرموز'!$B:$B,C33,'الرموز'!$H:$H,"رسمي (الشركة)") | F33: =COUNTIFS('الرموز'!$A:$A,B33,'الرموز'!$B:$B,C33,'الرموز'!$J:$J,"منشورة*") | G33: =IF(D33=0,"لم يبدأ","بدأ")
A34: 3 | B34: غسالة صحون (Dishwasher) | C34: ويرلبول (Whirlpool) | D34: =COUNTIFS('الرموز'!$A:$A,B34,'الرموز'!$B:$B,C34) | E34: =COUNTIFS('الرموز'!$A:$A,B34,'الرموز'!$B:$B,C34,'الرموز'!$H:$H,"رسمي (الشركة)") | F34: =COUNTIFS('الرموز'!$A:$A,B34,'الرموز'!$B:$B,C34,'الرموز'!$J:$J,"منشورة*") | G34: =IF(D34=0,"لم يبدأ","بدأ")
A35: 3 | B35: غسالة صحون (Dishwasher) | C35: أريستون (Ariston) | D35: =COUNTIFS('الرموز'!$A:$A,B35,'الرموز'!$B:$B,C35) | E35: =COUNTIFS('الرموز'!$A:$A,B35,'الرموز'!$B:$B,C35,'الرموز'!$H:$H,"رسمي (الشركة)") | F35: =COUNTIFS('الرموز'!$A:$A,B35,'الرموز'!$B:$B,C35,'الرموز'!$J:$J,"منشورة*") | G35: =IF(D35=0,"لم يبدأ","بدأ") | H35: المصدر عن Hotpoint الشقيقة
A36: 3 | B36: نشافة ملابس (Dryer) | C36: سامسونج (Samsung) | D36: =COUNTIFS('الرموز'!$A:$A,B36,'الرموز'!$B:$B,C36) | E36: =COUNTIFS('الرموز'!$A:$A,B36,'الرموز'!$B:$B,C36,'الرموز'!$H:$H,"رسمي (الشركة)") | F36: =COUNTIFS('الرموز'!$A:$A,B36,'الرموز'!$B:$B,C36,'الرموز'!$J:$J,"منشورة*") | G36: =IF(D36=0,"لم يبدأ","بدأ")
A37: 3 | B37: نشافة ملابس (Dryer) | C37: إل جي (LG) | D37: =COUNTIFS('الرموز'!$A:$A,B37,'الرموز'!$B:$B,C37) | E37: =COUNTIFS('الرموز'!$A:$A,B37,'الرموز'!$B:$B,C37,'الرموز'!$H:$H,"رسمي (الشركة)") | F37: =COUNTIFS('الرموز'!$A:$A,B37,'الرموز'!$B:$B,C37,'الرموز'!$J:$J,"منشورة*") | G37: =IF(D37=0,"لم يبدأ","بدأ")
A38: 3 | B38: نشافة ملابس (Dryer) | C38: بوش (Bosch) | D38: =COUNTIFS('الرموز'!$A:$A,B38,'الرموز'!$B:$B,C38) | E38: =COUNTIFS('الرموز'!$A:$A,B38,'الرموز'!$B:$B,C38,'الرموز'!$H:$H,"رسمي (الشركة)") | F38: =COUNTIFS('الرموز'!$A:$A,B38,'الرموز'!$B:$B,C38,'الرموز'!$J:$J,"منشورة*") | G38: =IF(D38=0,"لم يبدأ","بدأ")
A39: 3 | B39: نشافة ملابس (Dryer) | C39: بيكو (Beko) | D39: =COUNTIFS('الرموز'!$A:$A,B39,'الرموز'!$B:$B,C39) | E39: =COUNTIFS('الرموز'!$A:$A,B39,'الرموز'!$B:$B,C39,'الرموز'!$H:$H,"رسمي (الشركة)") | F39: =COUNTIFS('الرموز'!$A:$A,B39,'الرموز'!$B:$B,C39,'الرموز'!$J:$J,"منشورة*") | G39: =IF(D39=0,"لم يبدأ","بدأ") | H39: لم أجد مصدراً موثوقاً. يحتاج كتيب الصيانة أو صفحة الشركة
A40: 3 | B40: نشافة ملابس (Dryer) | C40: ويرلبول (Whirlpool) | D40: =COUNTIFS('الرموز'!$A:$A,B40,'الرموز'!$B:$B,C40) | E40: =COUNTIFS('الرموز'!$A:$A,B40,'الرموز'!$B:$B,C40,'الرموز'!$H:$H,"رسمي (الشركة)") | F40: =COUNTIFS('الرموز'!$A:$A,B40,'الرموز'!$B:$B,C40,'الرموز'!$J:$J,"منشورة*") | G40: =IF(D40=0,"لم يبدأ","بدأ") | H40: صفحة ويرلبول الرسمية تسرد الرموز دون معانيها في صفحة واحدة. كل رمز له صفحة مستقلة
A41: 3 | B41: ثلاجة بشاشة (Refrigerator) | C41: سامسونج (Samsung) | D41: =COUNTIFS('الرموز'!$A:$A,B41,'الرموز'!$B:$B,C41) | E41: =COUNTIFS('الرموز'!$A:$A,B41,'الرموز'!$B:$B,C41,'الرموز'!$H:$H,"رسمي (الشركة)") | F41: =COUNTIFS('الرموز'!$A:$A,B41,'الرموز'!$B:$B,C41,'الرموز'!$J:$J,"منشورة*") | G41: =IF(D41=0,"لم يبدأ","بدأ")
A42: 3 | B42: ثلاجة بشاشة (Refrigerator) | C42: إل جي (LG) | D42: =COUNTIFS('الرموز'!$A:$A,B42,'الرموز'!$B:$B,C42) | E42: =COUNTIFS('الرموز'!$A:$A,B42,'الرموز'!$B:$B,C42,'الرموز'!$H:$H,"رسمي (الشركة)") | F42: =COUNTIFS('الرموز'!$A:$A,B42,'الرموز'!$B:$B,C42,'الرموز'!$J:$J,"منشورة*") | G42: =IF(D42=0,"لم يبدأ","بدأ")
A43: 3 | B43: ثلاجة بشاشة (Refrigerator) | C43: هاير (Haier) | D43: =COUNTIFS('الرموز'!$A:$A,B43,'الرموز'!$B:$B,C43) | E43: =COUNTIFS('الرموز'!$A:$A,B43,'الرموز'!$B:$B,C43,'الرموز'!$H:$H,"رسمي (الشركة)") | F43: =COUNTIFS('الرموز'!$A:$A,B43,'الرموز'!$B:$B,C43,'الرموز'!$J:$J,"منشورة*") | G43: =IF(D43=0,"لم يبدأ","بدأ")
A44: 3 | B44: ثلاجة بشاشة (Refrigerator) | C44: هايسنس (Hisense) | D44: =COUNTIFS('الرموز'!$A:$A,B44,'الرموز'!$B:$B,C44) | E44: =COUNTIFS('الرموز'!$A:$A,B44,'الرموز'!$B:$B,C44,'الرموز'!$H:$H,"رسمي (الشركة)") | F44: =COUNTIFS('الرموز'!$A:$A,B44,'الرموز'!$B:$B,C44,'الرموز'!$J:$J,"منشورة*") | G44: =IF(D44=0,"لم يبدأ","بدأ")
A45: 3 | B45: ثلاجة بشاشة (Refrigerator) | C45: بوش (Bosch) | D45: =COUNTIFS('الرموز'!$A:$A,B45,'الرموز'!$B:$B,C45) | E45: =COUNTIFS('الرموز'!$A:$A,B45,'الرموز'!$B:$B,C45,'الرموز'!$H:$H,"رسمي (الشركة)") | F45: =COUNTIFS('الرموز'!$A:$A,B45,'الرموز'!$B:$B,C45,'الرموز'!$J:$J,"منشورة*") | G45: =IF(D45=0,"لم يبدأ","بدأ")
A46: 4 | B46: سخان ماء فوري (Instant water heater) | C46: أريستون (Ariston) | D46: =COUNTIFS('الرموز'!$A:$A,B46,'الرموز'!$B:$B,C46) | E46: =COUNTIFS('الرموز'!$A:$A,B46,'الرموز'!$B:$B,C46,'الرموز'!$H:$H,"رسمي (الشركة)") | F46: =COUNTIFS('الرموز'!$A:$A,B46,'الرموز'!$B:$B,C46,'الرموز'!$J:$J,"منشورة*") | G46: =IF(D46=0,"لم يبدأ","بدأ") | H46: لم أجد مصدراً موثوقاً. يحتاج كتيب الصيانة أو صفحة الشركة
A47: 4 | B47: سخان ماء فوري (Instant water heater) | C47: بوش (Bosch) | D47: =COUNTIFS('الرموز'!$A:$A,B47,'الرموز'!$B:$B,C47) | E47: =COUNTIFS('الرموز'!$A:$A,B47,'الرموز'!$B:$B,C47,'الرموز'!$H:$H,"رسمي (الشركة)") | F47: =COUNTIFS('الرموز'!$A:$A,B47,'الرموز'!$B:$B,C47,'الرموز'!$J:$J,"منشورة*") | G47: =IF(D47=0,"لم يبدأ","بدأ") | H47: لم أجد مصدراً موثوقاً. يحتاج كتيب الصيانة أو صفحة الشركة
A48: 4 | B48: فرن وميكروويف (Oven / Microwave) | C48: سامسونج (Samsung) | D48: =COUNTIFS('الرموز'!$A:$A,B48,'الرموز'!$B:$B,C48) | E48: =COUNTIFS('الرموز'!$A:$A,B48,'الرموز'!$B:$B,C48,'الرموز'!$H:$H,"رسمي (الشركة)") | F48: =COUNTIFS('الرموز'!$A:$A,B48,'الرموز'!$B:$B,C48,'الرموز'!$J:$J,"منشورة*") | G48: =IF(D48=0,"لم يبدأ","بدأ")
A49: 4 | B49: فرن وميكروويف (Oven / Microwave) | C49: إل جي (LG) | D49: =COUNTIFS('الرموز'!$A:$A,B49,'الرموز'!$B:$B,C49) | E49: =COUNTIFS('الرموز'!$A:$A,B49,'الرموز'!$B:$B,C49,'الرموز'!$H:$H,"رسمي (الشركة)") | F49: =COUNTIFS('الرموز'!$A:$A,B49,'الرموز'!$B:$B,C49,'الرموز'!$J:$J,"منشورة*") | G49: =IF(D49=0,"لم يبدأ","بدأ")
A50: 4 | B50: فرن وميكروويف (Oven / Microwave) | C50: بوش (Bosch) | D50: =COUNTIFS('الرموز'!$A:$A,B50,'الرموز'!$B:$B,C50) | E50: =COUNTIFS('الرموز'!$A:$A,B50,'الرموز'!$B:$B,C50,'الرموز'!$H:$H,"رسمي (الشركة)") | F50: =COUNTIFS('الرموز'!$A:$A,B50,'الرموز'!$B:$B,C50,'الرموز'!$J:$J,"منشورة*") | G50: =IF(D50=0,"لم يبدأ","بدأ")
A51: 4 | B51: فرن وميكروويف (Oven / Microwave) | C51: باناسونيك (Panasonic) | D51: =COUNTIFS('الرموز'!$A:$A,B51,'الرموز'!$B:$B,C51) | E51: =COUNTIFS('الرموز'!$A:$A,B51,'الرموز'!$B:$B,C51,'الرموز'!$H:$H,"رسمي (الشركة)") | F51: =COUNTIFS('الرموز'!$A:$A,B51,'الرموز'!$B:$B,C51,'الرموز'!$J:$J,"منشورة*") | G51: =IF(D51=0,"لم يبدأ","بدأ")
A52: 5 | B52: طابعة (Printer) | C52: إتش بي (HP) | D52: =COUNTIFS('الرموز'!$A:$A,B52,'الرموز'!$B:$B,C52) | E52: =COUNTIFS('الرموز'!$A:$A,B52,'الرموز'!$B:$B,C52,'الرموز'!$H:$H,"رسمي (الشركة)") | F52: =COUNTIFS('الرموز'!$A:$A,B52,'الرموز'!$B:$B,C52,'الرموز'!$J:$J,"منشورة*") | G52: =IF(D52=0,"لم يبدأ","بدأ")
A53: 5 | B53: طابعة (Printer) | C53: كانون (Canon) | D53: =COUNTIFS('الرموز'!$A:$A,B53,'الرموز'!$B:$B,C53) | E53: =COUNTIFS('الرموز'!$A:$A,B53,'الرموز'!$B:$B,C53,'الرموز'!$H:$H,"رسمي (الشركة)") | F53: =COUNTIFS('الرموز'!$A:$A,B53,'الرموز'!$B:$B,C53,'الرموز'!$J:$J,"منشورة*") | G53: =IF(D53=0,"لم يبدأ","بدأ") | H53: صفحة كانون الرسمية لم تُقرأ آلياً. تُراجع يدوياً
A54: 5 | B54: طابعة (Printer) | C54: إبسون (Epson) | D54: =COUNTIFS('الرموز'!$A:$A,B54,'الرموز'!$B:$B,C54) | E54: =COUNTIFS('الرموز'!$A:$A,B54,'الرموز'!$B:$B,C54,'الرموز'!$H:$H,"رسمي (الشركة)") | F54: =COUNTIFS('الرموز'!$A:$A,B54,'الرموز'!$B:$B,C54,'الرموز'!$J:$J,"منشورة*") | G54: =IF(D54=0,"لم يبدأ","بدأ")
A55: 5 | B55: راوتر (Router) | C55: هواوي (Huawei) | D55: =COUNTIFS('الرموز'!$A:$A,B55,'الرموز'!$B:$B,C55) | E55: =COUNTIFS('الرموز'!$A:$A,B55,'الرموز'!$B:$B,C55,'الرموز'!$H:$H,"رسمي (الشركة)") | F55: =COUNTIFS('الرموز'!$A:$A,B55,'الرموز'!$B:$B,C55,'الرموز'!$J:$J,"منشورة*") | G55: =IF(D55=0,"لم يبدأ","بدأ") | H55: الراوترات تعبّر عن الأعطال بأضواء لا برموز. تحتاج قالب صفحة مختلفاً
A56: 5 | B56: راوتر (Router) | C56: تي بي لينك (TP-Link) | D56: =COUNTIFS('الرموز'!$A:$A,B56,'الرموز'!$B:$B,C56) | E56: =COUNTIFS('الرموز'!$A:$A,B56,'الرموز'!$B:$B,C56,'الرموز'!$H:$H,"رسمي (الشركة)") | F56: =COUNTIFS('الرموز'!$A:$A,B56,'الرموز'!$B:$B,C56,'الرموز'!$J:$J,"منشورة*") | G56: =IF(D56=0,"لم يبدأ","بدأ") | H56: الراوترات تعبّر عن الأعطال بأضواء لا برموز. تحتاج قالب صفحة مختلفاً
A57: 5 | B57: مكنسة روبوت (Robot vacuum) | C57: شاومي (Xiaomi) | D57: =COUNTIFS('الرموز'!$A:$A,B57,'الرموز'!$B:$B,C57) | E57: =COUNTIFS('الرموز'!$A:$A,B57,'الرموز'!$B:$B,C57,'الرموز'!$H:$H,"رسمي (الشركة)") | F57: =COUNTIFS('الرموز'!$A:$A,B57,'الرموز'!$B:$B,C57,'الرموز'!$J:$J,"منشورة*") | G57: =IF(D57=0,"لم يبدأ","بدأ")
A58: 5 | B58: آلة قهوة (Coffee machine) | C58: ديلونجي (De'Longhi) | D58: =COUNTIFS('الرموز'!$A:$A,B58,'الرموز'!$B:$B,C58) | E58: =COUNTIFS('الرموز'!$A:$A,B58,'الرموز'!$B:$B,C58,'الرموز'!$H:$H,"رسمي (الشركة)") | F58: =COUNTIFS('الرموز'!$A:$A,B58,'الرموز'!$B:$B,C58,'الرموز'!$J:$J,"منشورة*") | G58: =IF(D58=0,"لم يبدأ","بدأ") | H58: تعرض رسائل نصية وأضواء لا رموزاً. تحتاج قالب صفحة مختلفاً
A59: 6 | B59: شاشة تلفزيون (TV) | C59: سامسونج (Samsung) | D59: =COUNTIFS('الرموز'!$A:$A,B59,'الرموز'!$B:$B,C59) | E59: =COUNTIFS('الرموز'!$A:$A,B59,'الرموز'!$B:$B,C59,'الرموز'!$H:$H,"رسمي (الشركة)") | F59: =COUNTIFS('الرموز'!$A:$A,B59,'الرموز'!$B:$B,C59,'الرموز'!$J:$J,"منشورة*") | G59: =IF(D59=0,"لم يبدأ","بدأ") | H59: رمز واحد فقط. لم أجد قائمة رسمية، والمواقع الأخرى تعذّرت قراءتها
A60: 6 | B60: شاشة تلفزيون (TV) | C60: إل جي (LG) | D60: =COUNTIFS('الرموز'!$A:$A,B60,'الرموز'!$B:$B,C60) | E60: =COUNTIFS('الرموز'!$A:$A,B60,'الرموز'!$B:$B,C60,'الرموز'!$H:$H,"رسمي (الشركة)") | F60: =COUNTIFS('الرموز'!$A:$A,B60,'الرموز'!$B:$B,C60,'الرموز'!$J:$J,"منشورة*") | G60: =IF(D60=0,"لم يبدأ","بدأ")
A61: 6 | B61: شاشة تلفزيون (TV) | C61: سوني (Sony) | D61: =COUNTIFS('الرموز'!$A:$A,B61,'الرموز'!$B:$B,C61) | E61: =COUNTIFS('الرموز'!$A:$A,B61,'الرموز'!$B:$B,C61,'الرموز'!$H:$H,"رسمي (الشركة)") | F61: =COUNTIFS('الرموز'!$A:$A,B61,'الرموز'!$B:$B,C61,'الرموز'!$J:$J,"منشورة*") | G61: =IF(D61=0,"لم يبدأ","بدأ") | H61: الشركة لا تنشر معنى كل عدد ومضات
A62: 6 | B62: شاشة تلفزيون (TV) | C62: تي سي إل (TCL) | D62: =COUNTIFS('الرموز'!$A:$A,B62,'الرموز'!$B:$B,C62) | E62: =COUNTIFS('الرموز'!$A:$A,B62,'الرموز'!$B:$B,C62,'الرموز'!$H:$H,"رسمي (الشركة)") | F62: =COUNTIFS('الرموز'!$A:$A,B62,'الرموز'!$B:$B,C62,'الرموز'!$J:$J,"منشورة*") | G62: =IF(D62=0,"لم يبدأ","بدأ")
A63: 6 | B63: شاشة تلفزيون (TV) | C63: هايسنس (Hisense) | D63: =COUNTIFS('الرموز'!$A:$A,B63,'الرموز'!$B:$B,C63) | E63: =COUNTIFS('الرموز'!$A:$A,B63,'الرموز'!$B:$B,C63,'الرموز'!$H:$H,"رسمي (الشركة)") | F63: =COUNTIFS('الرموز'!$A:$A,B63,'الرموز'!$B:$B,C63,'الرموز'!$J:$J,"منشورة*") | G63: =IF(D63=0,"لم يبدأ","بدأ")
A64: 7 | B64: آلة تصوير مستندات (Photocopier) | C64: كانون (Canon) | D64: =COUNTIFS('الرموز'!$A:$A,B64,'الرموز'!$B:$B,C64) | E64: =COUNTIFS('الرموز'!$A:$A,B64,'الرموز'!$B:$B,C64,'الرموز'!$H:$H,"رسمي (الشركة)") | F64: =COUNTIFS('الرموز'!$A:$A,B64,'الرموز'!$B:$B,C64,'الرموز'!$J:$J,"منشورة*") | G64: =IF(D64=0,"لم يبدأ","بدأ") | H64: موقع كانون يعرض الرموز لكل موديل على حدة. تُجمع بعد تحديد الموديلات
A65: 7 | B65: آلة تصوير مستندات (Photocopier) | C65: ريكو (Ricoh) | D65: =COUNTIFS('الرموز'!$A:$A,B65,'الرموز'!$B:$B,C65) | E65: =COUNTIFS('الرموز'!$A:$A,B65,'الرموز'!$B:$B,C65,'الرموز'!$H:$H,"رسمي (الشركة)") | F65: =COUNTIFS('الرموز'!$A:$A,B65,'الرموز'!$B:$B,C65,'الرموز'!$J:$J,"منشورة*") | G65: =IF(D65=0,"لم يبدأ","بدأ")
A66: 7 | B66: آلة تصوير مستندات (Photocopier) | C66: زيروكس (Xerox) | D66: =COUNTIFS('الرموز'!$A:$A,B66,'الرموز'!$B:$B,C66) | E66: =COUNTIFS('الرموز'!$A:$A,B66,'الرموز'!$B:$B,C66,'الرموز'!$H:$H,"رسمي (الشركة)") | F66: =COUNTIFS('الرموز'!$A:$A,B66,'الرموز'!$B:$B,C66,'الرموز'!$J:$J,"منشورة*") | G66: =IF(D66=0,"لم يبدأ","بدأ") | H66: أُدخلت قائمة المصدر كاملة. أغلبها رموز شبكة وفاكس، ورموز الأعطال الميكانيكية قليلة فيها
A67: 7 | B67: آلة تصوير مستندات (Photocopier) | C67: كونيكا مينولتا (Konica Minolta) | D67: =COUNTIFS('الرموز'!$A:$A,B67,'الرموز'!$B:$B,C67) | E67: =COUNTIFS('الرموز'!$A:$A,B67,'الرموز'!$B:$B,C67,'الرموز'!$H:$H,"رسمي (الشركة)") | F67: =COUNTIFS('الرموز'!$A:$A,B67,'الرموز'!$B:$B,C67,'الرموز'!$J:$J,"منشورة*") | G67: =IF(D67=0,"لم يبدأ","بدأ") | H67: لم أجد مصدراً موثوقاً. يحتاج كتيب الصيانة أو صفحة الشركة
A68: 7 | B68: آلة تصوير مستندات (Photocopier) | C68: كيوسيرا (Kyocera) | D68: =COUNTIFS('الرموز'!$A:$A,B68,'الرموز'!$B:$B,C68) | E68: =COUNTIFS('الرموز'!$A:$A,B68,'الرموز'!$B:$B,C68,'الرموز'!$H:$H,"رسمي (الشركة)") | F68: =COUNTIFS('الرموز'!$A:$A,B68,'الرموز'!$B:$B,C68,'الرموز'!$J:$J,"منشورة*") | G68: =IF(D68=0,"لم يبدأ","بدأ")
A69: 7 | B69: آلة تصوير مستندات (Photocopier) | C69: شارب (Sharp) | D69: =COUNTIFS('الرموز'!$A:$A,B69,'الرموز'!$B:$B,C69) | E69: =COUNTIFS('الرموز'!$A:$A,B69,'الرموز'!$B:$B,C69,'الرموز'!$H:$H,"رسمي (الشركة)") | F69: =COUNTIFS('الرموز'!$A:$A,B69,'الرموز'!$B:$B,C69,'الرموز'!$J:$J,"منشورة*") | G69: =IF(D69=0,"لم يبدأ","بدأ")
A70: 7 | B70: آلة تصوير مستندات (Photocopier) | C70: توشيبا (Toshiba) | D70: =COUNTIFS('الرموز'!$A:$A,B70,'الرموز'!$B:$B,C70) | E70: =COUNTIFS('الرموز'!$A:$A,B70,'الرموز'!$B:$B,C70,'الرموز'!$H:$H,"رسمي (الشركة)") | F70: =COUNTIFS('الرموز'!$A:$A,B70,'الرموز'!$B:$B,C70,'الرموز'!$J:$J,"منشورة*") | G70: =IF(D70=0,"لم يبدأ","بدأ") | H70: ثلاثة رموز فقط من مصدر واحد
A71: 7 | B71: كاميرا (Camera) | C71: كانون (Canon) | D71: =COUNTIFS('الرموز'!$A:$A,B71,'الرموز'!$B:$B,C71) | E71: =COUNTIFS('الرموز'!$A:$A,B71,'الرموز'!$B:$B,C71,'الرموز'!$H:$H,"رسمي (الشركة)") | F71: =COUNTIFS('الرموز'!$A:$A,B71,'الرموز'!$B:$B,C71,'الرموز'!$J:$J,"منشورة*") | G71: =IF(D71=0,"لم يبدأ","بدأ")
A72: 7 | B72: كاميرا (Camera) | C72: نيكون (Nikon) | D72: =COUNTIFS('الرموز'!$A:$A,B72,'الرموز'!$B:$B,C72) | E72: =COUNTIFS('الرموز'!$A:$A,B72,'الرموز'!$B:$B,C72,'الرموز'!$H:$H,"رسمي (الشركة)") | F72: =COUNTIFS('الرموز'!$A:$A,B72,'الرموز'!$B:$B,C72,'الرموز'!$J:$J,"منشورة*") | G72: =IF(D72=0,"لم يبدأ","بدأ")
A73: 7 | B73: كاميرا (Camera) | C73: سوني (Sony) | D73: =COUNTIFS('الرموز'!$A:$A,B73,'الرموز'!$B:$B,C73) | E73: =COUNTIFS('الرموز'!$A:$A,B73,'الرموز'!$B:$B,C73,'الرموز'!$H:$H,"رسمي (الشركة)") | F73: =COUNTIFS('الرموز'!$A:$A,B73,'الرموز'!$B:$B,C73,'الرموز'!$J:$J,"منشورة*") | G73: =IF(D73=0,"لم يبدأ","بدأ")
A74: 7 | B74: كاميرا (Camera) | C74: فوجي فيلم (Fujifilm) | D74: =COUNTIFS('الرموز'!$A:$A,B74,'الرموز'!$B:$B,C74) | E74: =COUNTIFS('الرموز'!$A:$A,B74,'الرموز'!$B:$B,C74,'الرموز'!$H:$H,"رسمي (الشركة)") | F74: =COUNTIFS('الرموز'!$A:$A,B74,'الرموز'!$B:$B,C74,'الرموز'!$J:$J,"منشورة*") | G74: =IF(D74=0,"لم يبدأ","بدأ")
A75: 8 | B75: كاميرا مراقبة (CCTV camera) | C75: هيكفيجن (Hikvision) | D75: =COUNTIFS('الرموز'!$A:$A,B75,'الرموز'!$B:$B,C75) | E75: =COUNTIFS('الرموز'!$A:$A,B75,'الرموز'!$B:$B,C75,'الرموز'!$H:$H,"رسمي (الشركة)") | F75: =COUNTIFS('الرموز'!$A:$A,B75,'الرموز'!$B:$B,C75,'الرموز'!$J:$J,"منشورة*") | G75: =IF(D75=0,"لم يبدأ","بدأ")
A76: 8 | B76: كاميرا مراقبة (CCTV camera) | C76: داهوا (Dahua) | D76: =COUNTIFS('الرموز'!$A:$A,B76,'الرموز'!$B:$B,C76) | E76: =COUNTIFS('الرموز'!$A:$A,B76,'الرموز'!$B:$B,C76,'الرموز'!$H:$H,"رسمي (الشركة)") | F76: =COUNTIFS('الرموز'!$A:$A,B76,'الرموز'!$B:$B,C76,'الرموز'!$J:$J,"منشورة*") | G76: =IF(D76=0,"لم يبدأ","بدأ") | H76: رموز سجل أجهزة التسجيل فقط، دون رموز التطبيق
A77: 8 | B77: كاميرا مراقبة (CCTV camera) | C77: إيزفيز (EZVIZ) | D77: =COUNTIFS('الرموز'!$A:$A,B77,'الرموز'!$B:$B,C77) | E77: =COUNTIFS('الرموز'!$A:$A,B77,'الرموز'!$B:$B,C77,'الرموز'!$H:$H,"رسمي (الشركة)") | F77: =COUNTIFS('الرموز'!$A:$A,B77,'الرموز'!$B:$B,C77,'الرموز'!$J:$J,"منشورة*") | G77: =IF(D77=0,"لم يبدأ","بدأ") | H77: الشركة تنشر كل رمز في صفحة مستقلة. أُدخل رمز واحد
A78: 8 | B78: كاميرا فيديو (Camcorder) | C78: سوني (Sony) | D78: =COUNTIFS('الرموز'!$A:$A,B78,'الرموز'!$B:$B,C78) | E78: =COUNTIFS('الرموز'!$A:$A,B78,'الرموز'!$B:$B,C78,'الرموز'!$H:$H,"رسمي (الشركة)") | F78: =COUNTIFS('الرموز'!$A:$A,B78,'الرموز'!$B:$B,C78,'الرموز'!$J:$J,"منشورة*") | G78: =IF(D78=0,"لم يبدأ","بدأ")
A79: 8 | B79: كاميرا فيديو (Camcorder) | C79: جو برو (GoPro) | D79: =COUNTIFS('الرموز'!$A:$A,B79,'الرموز'!$B:$B,C79) | E79: =COUNTIFS('الرموز'!$A:$A,B79,'الرموز'!$B:$B,C79,'الرموز'!$H:$H,"رسمي (الشركة)") | F79: =COUNTIFS('الرموز'!$A:$A,B79,'الرموز'!$B:$B,C79,'الرموز'!$J:$J,"منشورة*") | G79: =IF(D79=0,"لم يبدأ","بدأ") | H79: رسائل بطاقة الذاكرة فقط
A80: 8 | B80: درون (Drone) | C80: دي جي آي (DJI) | D80: =COUNTIFS('الرموز'!$A:$A,B80,'الرموز'!$B:$B,C80) | E80: =COUNTIFS('الرموز'!$A:$A,B80,'الرموز'!$B:$B,C80,'الرموز'!$H:$H,"رسمي (الشركة)") | F80: =COUNTIFS('الرموز'!$A:$A,B80,'الرموز'!$B:$B,C80,'الرموز'!$J:$J,"منشورة*") | G80: =IF(D80=0,"لم يبدأ","بدأ") | H80: لم أجد قائمة رسمية. المصدر قائمة مستخدم في منتدى DJI
A81: 10 | B81: سيارة، رسائل الشاشة (Car dashboard messages) | C81: تويوتا (Toyota) | D81: =COUNTIFS('الرموز'!$A:$A,B81,'الرموز'!$B:$B,C81) | E81: =COUNTIFS('الرموز'!$A:$A,B81,'الرموز'!$B:$B,C81,'الرموز'!$H:$H,"رسمي (الشركة)") | F81: =COUNTIFS('الرموز'!$A:$A,B81,'الرموز'!$B:$B,C81,'الرموز'!$J:$J,"منشورة*") | G81: =IF(D81=0,"لم يبدأ","بدأ")
A82: 10 | B82: سيارة، رسائل الشاشة (Car dashboard messages) | C82: لكزس (Lexus) | D82: =COUNTIFS('الرموز'!$A:$A,B82,'الرموز'!$B:$B,C82) | E82: =COUNTIFS('الرموز'!$A:$A,B82,'الرموز'!$B:$B,C82,'الرموز'!$H:$H,"رسمي (الشركة)") | F82: =COUNTIFS('الرموز'!$A:$A,B82,'الرموز'!$B:$B,C82,'الرموز'!$J:$J,"منشورة*") | G82: =IF(D82=0,"لم يبدأ","بدأ") | H82: لم أجد قائمة منشورة تُقرأ. المصدر الصحيح كتيّب المالك لكل موديل
A83: 10 | B83: سيارة، رسائل الشاشة (Car dashboard messages) | C83: نيسان (Nissan) | D83: =COUNTIFS('الرموز'!$A:$A,B83,'الرموز'!$B:$B,C83) | E83: =COUNTIFS('الرموز'!$A:$A,B83,'الرموز'!$B:$B,C83,'الرموز'!$H:$H,"رسمي (الشركة)") | F83: =COUNTIFS('الرموز'!$A:$A,B83,'الرموز'!$B:$B,C83,'الرموز'!$J:$J,"منشورة*") | G83: =IF(D83=0,"لم يبدأ","بدأ")
A84: 10 | B84: سيارة، رسائل الشاشة (Car dashboard messages) | C84: هيونداي (Hyundai) | D84: =COUNTIFS('الرموز'!$A:$A,B84,'الرموز'!$B:$B,C84) | E84: =COUNTIFS('الرموز'!$A:$A,B84,'الرموز'!$B:$B,C84,'الرموز'!$H:$H,"رسمي (الشركة)") | F84: =COUNTIFS('الرموز'!$A:$A,B84,'الرموز'!$B:$B,C84,'الرموز'!$J:$J,"منشورة*") | G84: =IF(D84=0,"لم يبدأ","بدأ")
A85: 10 | B85: سيارة، رسائل الشاشة (Car dashboard messages) | C85: كيا (Kia) | D85: =COUNTIFS('الرموز'!$A:$A,B85,'الرموز'!$B:$B,C85) | E85: =COUNTIFS('الرموز'!$A:$A,B85,'الرموز'!$B:$B,C85,'الرموز'!$H:$H,"رسمي (الشركة)") | F85: =COUNTIFS('الرموز'!$A:$A,B85,'الرموز'!$B:$B,C85,'الرموز'!$J:$J,"منشورة*") | G85: =IF(D85=0,"لم يبدأ","بدأ")
A86: 10 | B86: سيارة، رسائل الشاشة (Car dashboard messages) | C86: هوندا (Honda) | D86: =COUNTIFS('الرموز'!$A:$A,B86,'الرموز'!$B:$B,C86) | E86: =COUNTIFS('الرموز'!$A:$A,B86,'الرموز'!$B:$B,C86,'الرموز'!$H:$H,"رسمي (الشركة)") | F86: =COUNTIFS('الرموز'!$A:$A,B86,'الرموز'!$B:$B,C86,'الرموز'!$J:$J,"منشورة*") | G86: =IF(D86=0,"لم يبدأ","بدأ")
A87: 10 | B87: سيارة، رسائل الشاشة (Car dashboard messages) | C87: فورد (Ford) | D87: =COUNTIFS('الرموز'!$A:$A,B87,'الرموز'!$B:$B,C87) | E87: =COUNTIFS('الرموز'!$A:$A,B87,'الرموز'!$B:$B,C87,'الرموز'!$H:$H,"رسمي (الشركة)") | F87: =COUNTIFS('الرموز'!$A:$A,B87,'الرموز'!$B:$B,C87,'الرموز'!$J:$J,"منشورة*") | G87: =IF(D87=0,"لم يبدأ","بدأ") | H87: لم أجد قائمة منشورة تُقرأ. المصدر الصحيح كتيّب المالك لكل موديل
A88: 10 | B88: سيارة، رسائل الشاشة (Car dashboard messages) | C88: شيفروليه وجي إم سي (Chevrolet / GMC) | D88: =COUNTIFS('الرموز'!$A:$A,B88,'الرموز'!$B:$B,C88) | E88: =COUNTIFS('الرموز'!$A:$A,B88,'الرموز'!$B:$B,C88,'الرموز'!$H:$H,"رسمي (الشركة)") | F88: =COUNTIFS('الرموز'!$A:$A,B88,'الرموز'!$B:$B,C88,'الرموز'!$J:$J,"منشورة*") | G88: =IF(D88=0,"لم يبدأ","بدأ") | H88: لم أجد قائمة منشورة تُقرأ. المصدر الصحيح كتيّب المالك لكل موديل
A89: 10 | B89: سيارة، رسائل الشاشة (Car dashboard messages) | C89: جيب ودودج (Jeep / Dodge) | D89: =COUNTIFS('الرموز'!$A:$A,B89,'الرموز'!$B:$B,C89) | E89: =COUNTIFS('الرموز'!$A:$A,B89,'الرموز'!$B:$B,C89,'الرموز'!$H:$H,"رسمي (الشركة)") | F89: =COUNTIFS('الرموز'!$A:$A,B89,'الرموز'!$B:$B,C89,'الرموز'!$J:$J,"منشورة*") | G89: =IF(D89=0,"لم يبدأ","بدأ") | H89: لم أجد قائمة منشورة تُقرأ. المصدر الصحيح كتيّب المالك لكل موديل
A90: 10 | B90: سيارة، رسائل الشاشة (Car dashboard messages) | C90: مرسيدس (Mercedes-Benz) | D90: =COUNTIFS('الرموز'!$A:$A,B90,'الرموز'!$B:$B,C90) | E90: =COUNTIFS('الرموز'!$A:$A,B90,'الرموز'!$B:$B,C90,'الرموز'!$H:$H,"رسمي (الشركة)") | F90: =COUNTIFS('الرموز'!$A:$A,B90,'الرموز'!$B:$B,C90,'الرموز'!$J:$J,"منشورة*") | G90: =IF(D90=0,"لم يبدأ","بدأ")
A91: 10 | B91: سيارة، رسائل الشاشة (Car dashboard messages) | C91: بي إم دبليو (BMW) | D91: =COUNTIFS('الرموز'!$A:$A,B91,'الرموز'!$B:$B,C91) | E91: =COUNTIFS('الرموز'!$A:$A,B91,'الرموز'!$B:$B,C91,'الرموز'!$H:$H,"رسمي (الشركة)") | F91: =COUNTIFS('الرموز'!$A:$A,B91,'الرموز'!$B:$B,C91,'الرموز'!$J:$J,"منشورة*") | G91: =IF(D91=0,"لم يبدأ","بدأ") | H91: لم أجد قائمة منشورة تُقرأ. المصدر الصحيح كتيّب المالك لكل موديل
A92: 10 | B92: سيارة، رسائل الشاشة (Car dashboard messages) | C92: أودي (Audi) | D92: =COUNTIFS('الرموز'!$A:$A,B92,'الرموز'!$B:$B,C92) | E92: =COUNTIFS('الرموز'!$A:$A,B92,'الرموز'!$B:$B,C92,'الرموز'!$H:$H,"رسمي (الشركة)") | F92: =COUNTIFS('الرموز'!$A:$A,B92,'الرموز'!$B:$B,C92,'الرموز'!$J:$J,"منشورة*") | G92: =IF(D92=0,"لم يبدأ","بدأ")
A93: 10 | B93: سيارة، رسائل الشاشة (Car dashboard messages) | C93: فولكس فاجن (Volkswagen) | D93: =COUNTIFS('الرموز'!$A:$A,B93,'الرموز'!$B:$B,C93) | E93: =COUNTIFS('الرموز'!$A:$A,B93,'الرموز'!$B:$B,C93,'الرموز'!$H:$H,"رسمي (الشركة)") | F93: =COUNTIFS('الرموز'!$A:$A,B93,'الرموز'!$B:$B,C93,'الرموز'!$J:$J,"منشورة*") | G93: =IF(D93=0,"لم يبدأ","بدأ") | H93: لم أجد قائمة منشورة تُقرأ. المصدر الصحيح كتيّب المالك لكل موديل
A94: 10 | B94: سيارة، رسائل الشاشة (Car dashboard messages) | C94: لاند روفر (Land Rover) | D94: =COUNTIFS('الرموز'!$A:$A,B94,'الرموز'!$B:$B,C94) | E94: =COUNTIFS('الرموز'!$A:$A,B94,'الرموز'!$B:$B,C94,'الرموز'!$H:$H,"رسمي (الشركة)") | F94: =COUNTIFS('الرموز'!$A:$A,B94,'الرموز'!$B:$B,C94,'الرموز'!$J:$J,"منشورة*") | G94: =IF(D94=0,"لم يبدأ","بدأ")
A95: 10 | B95: سيارة، أكواد الفحص (Car OBD-II codes) | C95: عام، كل الماركات (Generic OBD-II) | D95: =COUNTIFS('الرموز'!$A:$A,B95,'الرموز'!$B:$B,C95) | E95: =COUNTIFS('الرموز'!$A:$A,B95,'الرموز'!$B:$B,C95,'الرموز'!$H:$H,"رسمي (الشركة)") | F95: =COUNTIFS('الرموز'!$A:$A,B95,'الرموز'!$B:$B,C95,'الرموز'!$J:$J,"منشورة*") | G95: =IF(D95=0,"لم يبدأ","بدأ") | H95: التعريف الإنجليزي مطابق في قاعدتين مفتوحتين أو أكثر، وكلها تجميعات عن معيار SAE J2012 وليست المعيار نفسه. الترجمة العربية آلية وتُراجَع قبل النشر. الأكواد العامة الموحّدة P0 وP2 وP3 وU0 فقط. أكواد الهيكل B والشاسيه C والأكواد الخاصة بكل ماركة (P1 وغيرها) غير موجودة في المصدر
A96: 11 | B96: مسجل سيارة (Car stereo) | C96: كينوود (Kenwood) | D96: =COUNTIFS('الرموز'!$A:$A,B96,'الرموز'!$B:$B,C96) | E96: =COUNTIFS('الرموز'!$A:$A,B96,'الرموز'!$B:$B,C96,'الرموز'!$H:$H,"رسمي (الشركة)") | F96: =COUNTIFS('الرموز'!$A:$A,B96,'الرموز'!$B:$B,C96,'الرموز'!$J:$J,"منشورة*") | G96: =IF(D96=0,"لم يبدأ","بدأ")
A97: 11 | B97: مسجل سيارة (Car stereo) | C97: سوني (Sony) | D97: =COUNTIFS('الرموز'!$A:$A,B97,'الرموز'!$B:$B,C97) | E97: =COUNTIFS('الرموز'!$A:$A,B97,'الرموز'!$B:$B,C97,'الرموز'!$H:$H,"رسمي (الشركة)") | F97: =COUNTIFS('الرموز'!$A:$A,B97,'الرموز'!$B:$B,C97,'الرموز'!$J:$J,"منشورة*") | G97: =IF(D97=0,"لم يبدأ","بدأ")
A98: 11 | B98: مسجل سيارة (Car stereo) | C98: راديو جي إم المصنعي (GM factory radio) | D98: =COUNTIFS('الرموز'!$A:$A,B98,'الرموز'!$B:$B,C98) | E98: =COUNTIFS('الرموز'!$A:$A,B98,'الرموز'!$B:$B,C98,'الرموز'!$H:$H,"رسمي (الشركة)") | F98: =COUNTIFS('الرموز'!$A:$A,B98,'الرموز'!$B:$B,C98,'الرموز'!$J:$J,"منشورة*") | G98: =IF(D98=0,"لم يبدأ","بدأ") | H98: راديوهات قديمة بكاسيت وCD. رموز راديوهات المصنع الحديثة لكل ماركة غير متوفرة
A99: 11 | B99: مسجل سيارة (Car stereo) | C99: بايونير (Pioneer) | D99: =COUNTIFS('الرموز'!$A:$A,B99,'الرموز'!$B:$B,C99) | E99: =COUNTIFS('الرموز'!$A:$A,B99,'الرموز'!$B:$B,C99,'الرموز'!$H:$H,"رسمي (الشركة)") | F99: =COUNTIFS('الرموز'!$A:$A,B99,'الرموز'!$B:$B,C99,'الرموز'!$J:$J,"منشورة*") | G99: =IF(D99=0,"لم يبدأ","بدأ") | H99: صفحات الكتيّب المتاحة ترفض القراءة الآلية
A100: 11 | B100: مسجل سيارة (Car stereo) | C100: جي في سي (JVC) | D100: =COUNTIFS('الرموز'!$A:$A,B100,'الرموز'!$B:$B,C100) | E100: =COUNTIFS('الرموز'!$A:$A,B100,'الرموز'!$B:$B,C100,'الرموز'!$H:$H,"رسمي (الشركة)") | F100: =COUNTIFS('الرموز'!$A:$A,B100,'الرموز'!$B:$B,C100,'الرموز'!$J:$J,"منشورة*") | G100: =IF(D100=0,"لم يبدأ","بدأ") | H100: جدول الأعطال في الكتيّب لم يُقرأ
...

Sheet اقرأني
A1: كيف تضيف رمزاً جديداً | B1: أضف صفاً في ورقة «الرموز». الأعمدة من «الجهاز» إلى «المصادر» مطلوبة. الأعمدة الثلاثة «من يتعامل معه» و«درجة التوثيق» و«حالة الصفحة» فيها قوائم اختيار.
A2: كتابة الجهاز والماركة | B2: اكتبهما مطابقين حرفياً لما في ورقة «خطة الماركات»، لأن الأعداد هناك تُحسب بالمطابقة. اسم الجهاز واسم الماركة يُكتبان بالعربية ثم الإنجليزية بين قوسين، مثل: مكيف سبليت (Split AC) وجري (Gree).
A3: الموديلات | B3: الرمز نفسه قد يختلف معناه بين سلاسل الماركة الواحدة، وهذا واضح جداً في ميديا. اكتب السلسلة أو الموديلات التي ينطبق عليها الصف. الصفوف الحالية لم تُحدَّد موديلاتها بعد.
A5: درجة التوثيق
A6: رسمي (الشركة) | B6: المعنى مأخوذ من صفحة الشركة المصنّعة نفسها. يُنشر بثقة.
A7: مصدران متفقان | B7: مصدران مستقلان يتفقان على المعنى. يُنشر مع ذكر المصادر.
A8: مصدر واحد | B8: مصدر واحد فقط. لا يُنشر قبل تأكيده من كتيب صيانة أو فني.
A9: المصادر متعارضة | B9: المصادر تعطي معاني مختلفة. لا يُنشر حتى يُحسم من كتيب الصيانة للموديل.
A11: هل تكمل القيادة؟ | B11: عمود للسيارات فقط. حيث لم يذكر المصدر الحكم صراحةً استُنتج من نص الرسالة وتصنيفها، فهو إرشاد أولي وليس بديلاً عن كتيّب المالك.
A12: حدود هذه النسخة | B12: الأسباب منقولة من المصادر كما هي. الخانة الفارغة تعني أن المصدر لم يذكر سبباً، ولم تُملأ بالتخمين. عمود «من يتعامل معه» تقدير أولي يحتاج مراجعة فني تكييف.
A14: المصادر
A15: جري الرسمي | B15: https://www.greecomfort.com/news-and-events/understanding-gree-mini-split-error-codes/
A16: دليل E6 الرسمي | B16: https://www.greecomfort.com/news-and-events/gree-mini-split-e6-error-code-troubleshooting-guide/
A17: Arlington | B17: https://arlingtonairconditioningheating.com/gree-air-conditioner-error-codes/
A18: Japan Electronics | B18: https://japanelectronics.com.pk/blogs/all/error-code-list-of-gree-ac-in-2024
A19: قائمة Scribd | B19: https://www.scribd.com/document/717173518/Error-Codes
A20: Arlington (ميديا) | B20: https://arlingtonairconditioningheating.com/midea-air-conditioner-error-codes/
A21: RemoveAndReplace | B21: https://removeandreplace.com/?p=15924
A22: Mytour | B22: https://mytour.vn/en/blog/bai-viet/compilation-of-midea-air-conditioner-error-codes.html
A23: LG الرسمي (US) | B23: https://www.lg.com/us/support/help-library/lg-air-conditioner-guide-to-error-codes--20155047719306
A24: LG الرسمي (Africa) | B24: https://www.lg.com/africa/support/product-help/CT20080061-20155402833925
A25: Arlington (LG) | B25: https://www.arlingtonairconditioningheating.com/lg-air-conditioner-troubleshooting/
A26: TechFaultFix | B26: https://techfaultfix.com/air-conditioners/lg
... A162: تاريخ الجمع | B162: 2026-10-06
